rollout/ep_rew_mean,train/value_loss,train/entropy_loss,train/explained_variance,time/time_elapsed,time/iterations,train/n_updates,train/learning_rate,rollout/ep_len_mean,time/total_timesteps,train/policy_loss,time/fps
0.6666666666666666,2.9505139108841616e-13,-1.3739216327667236,0.0,3,100,99,0.0007,164.0,500,-5.078643994238519e-07,129
1.4,8.582147529523354e-06,-1.0333309173583984,0.0,7,200,199,0.0007,193.6,1000,0.0031291525810956955,138
1.5714285714285714,4.854092912864871e-05,-0.9834386706352234,0.0,10,300,299,0.0007,190.14285714285714,1500,-0.0050202771089971066,139
1.6,1.0867335731745698e-05,-0.9359249472618103,0.0,14,400,399,0.0007,185.8,2000,-0.002560853259637952,139
1.8461538461538463,1.5309997252188623e-05,-0.4699224531650543,-1.1920928955078125e-07,18,500,499,0.0007,191.0,2500,0.00047690310748293996,138
2.2,5.776793113909662e-05,-0.3256637752056122,5.960464477539063e-08,21,600,599,0.0007,199.8,3000,-0.005631932523101568,139
2.25,1.1208662726858165e-05,-0.19839875400066376,0.0,24,700,699,0.0007,208.125,3500,-0.00012452418741304427,140
2.5294117647058822,4.498196631175233e-06,-0.15387646853923798,0.0,27,800,799,0.0007,229.23529411764707,4000,-5.73862052988261e-05,145
2.7777777777777777,1.0726976142905187e-05,-0.12783187627792358,0.0,30,900,899,0.0007,244.27777777777777,4500,-0.0016644757706671953,148
2.7777777777777777,4.640436038899631e-12,-0.09644771367311478,5.960464477539063e-08,33,1000,999,0.0007,244.27777777777777,5000,-3.15126449379477e-08,149
3.210526315789474,4.2983650928363204e-05,-0.0727735310792923,-1.1920928955078125e-07,36,1100,1099,0.0007,264.94736842105266,5500,-7.011025445535779e-05,152
3.2,5.5316849191522355e-12,-0.07144738733768463,0.0,39,1200,1199,0.0007,283.75,6000,-2.4786780628005545e-08,153
3.1904761904761907,5.390558754925223e-08,-0.05982872471213341,0.0,41,1300,1299,0.0007,307.9047619047619,6500,-1.9457909274933627e-06,154
3.1904761904761907,8.222763426601887e-06,-0.053800154477357864,0.0,44,1400,1399,0.0007,307.9047619047619,7000,-2.1174404537305236e-05,156
3.1904761904761907,5.279069981156681e-08,-0.053274668753147125,0.0,47,1500,1499,0.0007,307.9047619047619,7500,-1.676396323091467e-06,156
3.1818181818181817,1.514031919214176e-05,-0.025100266560912132,0.0,50,1600,1599,0.0007,346.27272727272725,8000,-1.1680093848553952e-05,157
3.1818181818181817,2.9557697871496202e-06,-0.02533223107457161,0.0,53,1700,1699,0.0007,346.27272727272725,8500,-5.21508354722755e-06,158
3.5217391304347827,2.2444524461207038e-07,-0.023342739790678024,-1.1920928955078125e-07,56,1800,1799,0.0007,390.0869565217391,9000,-1.3047432503299206e-06,159
3.5217391304347827,4.571686531562591e-06,-0.02148483507335186,0.0,59,1900,1899,0.0007,390.0869565217391,9500,-5.350073024601443e-06,160
3.5217391304347827,4.730239823832116e-15,-0.022446978837251663,0.0,62,2000,1999,0.0007,390.0869565217391,10000,-2.6255811760855785e-11,161
3.5217391304347827,2.5938149974535918e-06,-0.01879843883216381,0.0,64,2100,2099,0.0007,390.0869565217391,10500,-3.451577640589676e-06,161
3.6666666666666665,1.2265768956076784e-10,-0.016296813264489174,0.0,67,2200,2199,0.0007,454.0416666666667,11000,2.0023861679874244e-08,161
3.6666666666666665,1.9018123715257426e-16,-0.016293132677674294,0.0,70,2300,2299,0.0007,454.0416666666667,11500,5.901892169424272e-11,162
3.6666666666666665,4.893727682882892e-19,-0.014957419596612453,0.0,73,2400,2399,0.0007,454.0416666666667,12000,-1.1462689521526959e-12,162
3.6666666666666665,5.459730008995937e-15,-0.01495740469545126,0.0,77,2500,2499,0.0007,454.0416666666667,12500,-8.843729221164054e-11,161
3.6666666666666665,1.624484369244783e-08,-0.013700145296752453,0.0,80,2600,2599,0.0007,454.0416666666667,13000,-1.8867243056774896e-07,162
3.6666666666666665,3.585672154294639e-15,-0.013731013052165508,0.0,84,2700,2699,0.0007,454.0416666666667,13500,-4.517109342822012e-13,159
3.6666666666666665,1.8293557173797316e-16,-0.013730908744037151,0.0,89,2800,2799,0.0007,454.0416666666667,14000,-4.747468043686531e-11,157
3.6666666666666665,1.3667794575904723e-15,-0.013730949722230434,0.0,93,2900,2899,0.0007,454.0416666666667,14500,5.4905385793446726e-11,155
3.6666666666666665,3.599221886241982e-14,-0.01373098511248827,0.0,96,3000,2999,0.0007,454.0416666666667,15000,1.9902335335331145e-10,155
3.6666666666666665,2.1015853235439863e-07,-0.013750332407653332,0.0,99,3100,3099,0.0007,454.0416666666667,15500,6.8190178126315e-07,155
3.6666666666666665,1.214072131716648e-08,-0.01281186193227768,0.0,102,3200,3199,0.0007,454.0416666666667,16000,1.5101892358870828e-07,155
3.6,7.607330765324605e-09,-0.009978226386010647,0.0,106,3300,3299,0.0007,640.8,16500,-8.961219322145553e-08,154
3.6,8.975349150420857e-15,-0.009988348931074142,0.0,109,3400,3399,0.0007,640.8,17000,3.8423587228608724e-11,155
3.6,5.8905479818349704e-05,-0.008519395254552364,0.0,112,3500,3499,0.0007,640.8,17500,-6.601514087378746e-06,155
3.6,2.854654821666478e-16,-0.009565815329551697,0.0,115,3600,3599,0.0007,640.8,18000,1.657004915223137e-11,156
3.6,4.8937669326029574e-17,-0.009565804153680801,1.1920928955078125e-07,117,3700,3699,0.0007,640.8,18500,-6.860704278993657e-12,157
3.6,1.4779298526104365e-14,-0.009565824642777443,-1.1920928955078125e-07,120,3800,3799,0.0007,640.8,19000,1.1922685061449556e-10,157
3.6,7.676829007555175e-16,-0.009565978311002254,-1.1920928955078125e-07,123,3900,3899,0.0007,640.8,19500,-6.434159455226407e-11,158
3.6,1.0667437891243026e-05,-0.008778277784585953,0.0,125,4000,3999,0.0007,640.8,20000,-2.905255087171099e-06,159
3.6,9.388694452417377e-15,-0.006821684539318085,0.0,128,4100,4099,0.0007,640.8,20500,2.6592473015285556e-11,159
3.6,2.5892704525062003e-14,-0.00682169059291482,1.1920928955078125e-07,132,4200,4199,0.0007,640.8,21000,-7.055186296289762e-11,158
3.6,1.746459011581897e-15,-0.00682170782238245,0.0,135,4300,4299,0.0007,640.8,21500,-2.810617884263511e-11,158
3.6,4.5329281079229975e-20,-0.006821710150688887,0.0,139,4400,4399,0.0007,640.8,22000,-1.431896186907325e-13,157
3.730769230769231,5.44446709938029e-11,-0.006766310427337885,0.0,142,4500,4499,0.0007,858.2692307692307,22500,4.806436582072138e-09,157
3.730769230769231,5.2355059882976205e-15,-0.006765536963939667,-1.1920928955078125e-07,146,4600,4599,0.0007,858.2692307692307,23000,-9.197399786220473e-12,157
3.730769230769231,5.707900921662554e-16,-0.006765536963939667,0.0,149,4700,4699,0.0007,858.2692307692307,23500,1.5913053860727722e-11,156
3.730769230769231,7.07867212789608e-15,-0.006764229387044907,0.0,153,4800,4799,0.0007,858.2692307692307,24000,8.325246048102031e-11,156
3.730769230769231,4.7640907332394816e-14,-0.006764220539480448,-1.1920928955078125e-07,156,4900,4899,0.0007,858.2692307692307,24500,1.0842380465669876e-10,156
3.730769230769231,6.53243201515657e-15,-0.006764221470803022,1.1920928955078125e-07,160,5000,4999,0.0007,858.2692307692307,25000,8.714244603691412e-11,156
3.730769230769231,1.7505222120862636e-18,-0.00421789800748229,0.0,163,5100,5099,0.0007,858.2692307692307,25500,-5.158256634330005e-13,155
3.730769230769231,1.7505222120862636e-18,-0.00421789800748229,0.0,166,5200,5199,0.0007,858.2692307692307,26000,-5.158256634330005e-13,155
3.730769230769231,7.514068359376841e-19,-0.00421789800748229,0.0,170,5300,5299,0.0007,858.2692307692307,26500,-3.3795348789410207e-13,155
3.730769230769231,7.314332787448224e-16,-0.00421789800748229,1.1920928955078125e-07,173,5400,5399,0.0007,858.2692307692307,27000,-2.491951089922395e-11,155
3.730769230769231,1.517243870417708e-14,-0.00421791011467576,0.0,176,5500,5499,0.0007,858.2692307692307,27500,2.5945218196099518e-11,155
3.730769230769231,7.945095248373946e-09,-0.0042181797325611115,0.0,180,5600,5599,0.0007,858.2692307692307,28000,3.4751124644571973e-08,155
3.730769230769231,1.4148210603082134e-08,-0.004218708258122206,0.0,183,5700,5699,0.0007,858.2692307692307,28500,4.6331372516306146e-08,155
3.730769230769231,2.056828861896065e-06,-0.004224682226777077,5.960464477539063e-08,187,5800,5799,0.0007,858.2692307692307,29000,5.603978365797957e-07,154
3.730769230769231,1.2595787666214164e-06,-0.004223255906254053,5.960464477539063e-08,190,5900,5899,0.0007,858.2692307692307,29500,4.380603968456853e-07,154
3.730769230769231,7.498180139009492e-07,-0.004222546704113483,0.0,193,6000,5999,0.0007,858.2692307692307,30000,3.3799125276345876e-07,154
3.730769230769231,7.900174655087189e-16,-0.00560325663536787,1.1920928955078125e-07,197,6100,6099,0.0007,858.2692307692307,30500,-3.577455345848968e-11,154
3.730769230769231,1.7173399882068965e-14,-0.00560325663536787,0.0,200,6200,6199,0.0007,858.2692307692307,31000,-4.010023910150373e-11,154
3.730769230769231,9.250938766477659e-22,-0.005603258963674307,0.0,204,6300,6299,0.0007,858.2692307692307,31500,1.6354066606255775e-14,154
3.730769230769231,9.250939776219617e-22,-0.005603258963674307,0.0,207,6400,6399,0.0007,858.2692307692307,32000,1.635406491218988e-14,153
3.730769230769231,9.250938766477659e-22,-0.005603258963674307,0.0,211,6500,6499,0.0007,858.2692307692307,32500,1.635406491218988e-14,153
3.730769230769231,9.2509377567357e-22,-0.005603258963674307,0.0,214,6600,6599,0.0007,858.2692307692307,33000,1.635406491218988e-14,153
3.730769230769231,9.250938766477659e-22,-0.005603258963674307,0.0,218,6700,6699,0.0007,858.2692307692307,33500,1.6354066606255775e-14,153
3.730769230769231,9.250939776219617e-22,-0.005603258963674307,0.0,222,6800,6799,0.0007,858.2692307692307,34000,1.6354066606255775e-14,153
3.730769230769231,9.250938766477659e-22,-0.005603258963674307,0.0,225,6900,6899,0.0007,858.2692307692307,34500,1.6354066606255775e-14,152
3.730769230769231,2.3127346916194146e-22,-0.005603258963674307,0.0,229,7000,6999,0.0007,858.2692307692307,35000,8.17703245609494e-15,152
3.730769230769231,2.3127349440549043e-22,-0.005603258963674307,0.0,232,7100,7099,0.0007,858.2692307692307,35500,8.177033303127888e-15,152
3.730769230769231,0.0,-0.005603258963674307,nan,236,7200,7199,0.0007,858.2692307692307,36000,-0.0,152
3.730769230769231,0.0,-0.005603258963674307,nan,240,7300,7299,0.0007,858.2692307692307,36500,-0.0,151
3.730769230769231,0.0,-0.005603258963674307,nan,245,7400,7399,0.0007,858.2692307692307,37000,-0.0,150
3.730769230769231,0.0,-0.005603258963674307,nan,250,7500,7499,0.0007,858.2692307692307,37500,-0.0,149
3.730769230769231,0.0,-0.005603258963674307,nan,255,7600,7599,0.0007,858.2692307692307,38000,-0.0,149
3.730769230769231,0.0,-0.005603258963674307,nan,259,7700,7699,0.0007,858.2692307692307,38500,-0.0,148
3.730769230769231,0.0,-0.005604868289083242,nan,264,7800,7799,0.0007,858.2692307692307,39000,-0.0,147
3.730769230769231,0.0,-0.00560569204390049,nan,269,7900,7899,0.0007,858.2692307692307,39500,-0.0,146
3.730769230769231,0.0,-0.005604868289083242,nan,274,8000,7999,0.0007,858.2692307692307,40000,-0.0,145
3.730769230769231,0.0,-0.005605557467788458,nan,279,8100,8099,0.0007,858.2692307692307,40500,-0.0,145
3.730769230769231,0.0,-0.005606348160654306,nan,283,8200,8199,0.0007,858.2692307692307,41000,-0.0,144
3.730769230769231,8.770142713454294e-15,-0.005489794071763754,0.0,288,8300,8299,0.0007,858.2692307692307,41500,4.9220905129487846e-11,143
3.730769230769231,2.6693101062846836e-07,-0.00548142334446311,0.0,293,8400,8399,0.0007,858.2692307692307,42000,-2.711009017275501e-07,143
3.730769230769231,4.937246167457943e-09,-0.00548902340233326,0.0,298,8500,8499,0.0007,858.2692307692307,42500,-3.6959193039365346e-08,142
3.730769230769231,4.36783921031747e-07,-0.005492514930665493,0.0,303,8600,8599,0.0007,858.2692307692307,43000,-3.4767390388878994e-07,141
3.730769230769231,5.225491008786776e-07,-0.00551430881023407,0.0,308,8700,8699,0.0007,858.2692307692307,43500,-3.817814047124557e-07,141
3.730769230769231,3.127309753381269e-07,-0.0054893395863473415,-1.1920928955078125e-07,312,8800,8799,0.0007,858.2692307692307,44000,-2.939502792287385e-07,140
3.730769230769231,2.8156483722341363e-07,-0.005515319760888815,0.0,317,8900,8899,0.0007,858.2692307692307,44500,-2.802675851398817e-07,139
3.730769230769231,3.86365371696229e-07,-0.004128155764192343,0.0,322,9000,8999,0.0007,858.2692307692307,45000,-2.3675589488902915e-07,139
3.730769230769231,4.960131718689809e-07,-0.004140907898545265,0.0,329,9100,9099,0.0007,858.2692307692307,45500,-2.691397753551428e-07,138
3.730769230769231,4.981729375685973e-07,-0.004124931991100311,0.0,333,9200,9199,0.0007,858.2692307692307,46000,-2.684633670924086e-07,138
3.730769230769231,4.2936909494528663e-07,-0.004139935132116079,0.0,337,9300,9299,0.0007,858.2692307692307,46500,-2.503688847355079e-07,137
3.730769230769231,4.178696144663263e-07,-0.00411752937361598,0.0,340,9400,9399,0.0007,858.2692307692307,47000,-2.4527602704438323e-07,137
3.730769230769231,4.521054677297798e-07,-0.003295787377282977,0.0,344,9500,9499,0.0007,858.2692307692307,47500,-1.9967501430073753e-07,137
3.730769230769231,4.4481922145678254e-07,-0.0032951035536825657,0.0,349,9600,9599,0.0007,858.2692307692307,48000,-1.980276778112966e-07,137
3.730769230769231,4.2992596149815654e-07,-0.002314142184332013,0.0,352,9700,9699,0.0007,858.2692307692307,48500,-1.3099842988140153e-07,137
3.730769230769231,4.211568409573374e-07,-0.0023135636001825333,0.0,357,9800,9799,0.0007,858.2692307692307,49000,-1.2958074080415827e-07,137
3.7037037037037037,4.2303713598812465e-07,-0.0023133335635066032,-1.1920928955078125e-07,361,9900,9899,0.0007,1826.4814814814815,49500,-1.2985888986349892e-07,137
3.7037037037037037,4.269636235676444e-07,-0.0023132243659347296,0.0,365,10000,9999,0.0007,1826.4814814814815,50000,-1.3047110769548453e-07,136
3.7037037037037037,4.2814272660507413e-07,-0.0032272469252347946,0.0,370,10100,10099,0.0007,1826.4814814814815,50500,-1.892051102458936e-07,136
3.7037037037037037,4.2100029418179474e-07,-0.002931329421699047,0.0,374,10200,10199,0.0007,1826.4814814814815,51000,-1.6854976081503992e-07,136
3.7037037037037037,4.196887459784193e-07,-0.002075397176668048,0.0,378,10300,10299,0.0007,1826.4814814814815,51500,-1.1478567074618695e-07,136
3.7037037037037037,4.212049589114031e-07,-0.002075355499982834,1.1920928955078125e-07,382,10400,10399,0.0007,1826.4814814814815,52000,-1.1501204255637276e-07,135
3.7037037037037037,4.213465274460759e-07,-0.002075313124805689,0.0,386,10500,10499,0.0007,1826.4814814814815,52500,-1.1502174857014325e-07,135
3.7037037037037037,4.1906795900104044e-07,-0.002075283322483301,0.0,390,10600,10599,0.0007,1826.4814814814815,53000,-1.1471991001599235e-07,135
3.7037037037037037,4.179101722456835e-07,-0.0020752635318785906,0.0,394,10700,10699,0.0007,1826.4814814814815,53500,-1.1455174586672001e-07,135
3.7037037037037037,4.19193924017236e-07,-0.0020752574782818556,0.0,398,10800,10799,0.0007,1826.4814814814815,54000,-1.1473716909904397e-07,135
3.7037037037037037,4.1950144691327296e-07,-0.002075261203572154,0.0,402,10900,10899,0.0007,1826.4814814814815,54500,-1.1477921191271889e-07,135
3.7037037037037037,4.183762882803421e-07,-0.0020752788987010717,0.0,406,11000,10999,0.0007,1826.4814814814815,55000,-1.146347514691115e-07,135
3.7037037037037037,4.172428020865482e-07,-0.0020753038115799427,0.0,410,11100,11099,0.0007,1826.4814814814815,55500,-1.1446982028928687e-07,135
3.7037037037037037,4.1796548089223506e-07,-0.0020753261633217335,0.0,414,11200,11199,0.0007,1826.4814814814815,56000,-1.1455929183057378e-07,135
3.7037037037037037,4.1653643734207435e-07,-0.002075338736176491,0.0,418,11300,11299,0.0007,1826.4814814814815,56500,-1.1437278857329147e-07,134
3.7037037037037037,4.1563427544133447e-07,-0.002075338736176491,0.0,422,11400,11399,0.0007,1826.4814814814815,57000,-1.1425852619595389e-07,134
3.7037037037037037,4.1481058588033193e-07,-0.002748606726527214,0.0,426,11500,11499,0.0007,1826.4814814814815,57500,-1.5561418820198014e-07,134
3.7037037037037037,4.1564089769963175e-07,-0.0027485385071486235,0.0,430,11600,11599,0.0007,1826.4814814814815,58000,-1.5576999601307762e-07,134
3.7037037037037037,4.146850187680684e-07,-0.0023846402764320374,-1.1920928955078125e-07,434,11700,11699,0.0007,1826.4814814814815,58500,-1.3276699917241785e-07,134
3.7037037037037037,4.1322837773805077e-07,-0.0023845576215535402,0.0,438,11800,11799,0.0007,1826.4814814814815,59000,-1.3252244457362394e-07,134
3.7037037037037037,4.117222545119148e-07,-0.0023844651877880096,1.1920928955078125e-07,442,11900,11899,0.0007,1826.4814814814815,59500,-1.3230297213340236e-07,134
3.7037037037037037,4.1061352362703474e-07,-0.002384401625022292,0.0,446,12000,11999,0.0007,1826.4814814814815,60000,-1.3211358407261287e-07,134
3.7037037037037037,4.088300613602769e-07,-0.002384355291724205,0.0,450,12100,12099,0.0007,1826.4814814814815,60500,-1.3182639690967335e-07,134
3.7037037037037037,4.0815322677190125e-07,-0.0023843308445066214,0.0,454,12200,12199,0.0007,1826.4814814814815,61000,-1.317172717563153e-07,134
3.7037037037037037,4.078511608440749e-07,-0.0023843147791922092,0.0,458,12300,12299,0.0007,1826.4814814814815,61500,-1.3167964141302946e-07,134
3.7037037037037037,4.0590262528894527e-07,-0.002384307561442256,0.0,462,12400,12399,0.0007,1826.4814814814815,62000,-1.3135355914073443e-07,134
3.7037037037037037,4.0322635186385014e-07,-0.0023843050003051758,0.0,466,12500,12499,0.0007,1826.4814814814815,62500,-1.3094218331843877e-07,134
3.7037037037037037,4.024840620786563e-07,-0.002384304767474532,0.0,470,12600,12599,0.0007,1826.4814814814815,63000,-1.3079922212000383e-07,133
3.7037037037037037,4.0058094441519643e-07,-0.002384306164458394,0.0,474,12700,12699,0.0007,1826.4814814814815,63500,-1.305120207462096e-07,133
3.7037037037037037,4.0066416318040865e-07,-0.0023843073286116123,0.0,477,12800,12799,0.0007,1826.4814814814815,64000,-1.305032384379956e-07,133
3.7037037037037037,3.9964157849681214e-07,-0.0033592411782592535,0.0,481,12900,12899,0.0007,1826.4814814814815,64500,-1.9101268833310314e-07,133
3.7037037037037037,3.957193825954164e-07,-0.0033590265084058046,0.0,485,13000,12999,0.0007,1826.4814814814815,65000,-1.900404669186173e-07,133
3.7037037037037037,1.653107616344119e-14,-0.002394475508481264,0.0,489,13100,13099,0.0007,1826.4814814814815,65500,-2.12212300683412e-12,133
3.7037037037037037,1.3321334052269356e-19,-0.002394714392721653,0.0,493,13200,13199,0.0007,1826.4814814814815,66000,-7.556525256869825e-14,133
3.7037037037037037,2.539530814370944e-13,-0.0023954808712005615,-1.1920928955078125e-07,498,13300,13299,0.0007,1826.4814814814815,66500,-9.321186184019226e-11,133
3.7037037037037037,3.443450494362843e-14,-0.002394719049334526,0.0,502,13400,13399,0.0007,1826.4814814814815,67000,-4.9249670314166494e-11,133
3.7037037037037037,1.3267447229736717e-07,-0.0023947085719555616,0.0,506,13500,13499,0.0007,1826.4814814814815,67500,-7.541230928609366e-08,133
3.7037037037037037,5.624607979370921e-07,-0.0023945604916661978,0.0,511,13600,13599,0.0007,1826.4814814814815,68000,-1.5523887952895166e-07,133
3.7037037037037037,4.81274639696494e-07,-0.002396230585873127,-1.1920928955078125e-07,515,13700,13699,0.0007,1826.4814814814815,68500,-1.4395209291251376e-07,132
3.7037037037037037,4.151092980464455e-07,-0.0034276344813406467,0.0,519,13800,13799,0.0007,1826.4814814814815,69000,-1.9857274935475289e-07,132
3.7037037037037037,4.123151882140519e-07,-0.00342934369109571,-1.1920928955078125e-07,523,13900,13899,0.0007,1826.4814814814815,69500,-1.981810839879472e-07,132
3.7037037037037037,4.310665815410175e-07,-0.0034296817611902952,1.1920928955078125e-07,528,14000,13999,0.0007,1826.4814814814815,70000,-2.0257019173186563e-07,132
3.7037037037037037,4.345486104284646e-07,-0.0034319849219173193,0.0,533,14100,14099,0.0007,1826.4814814814815,70500,-2.0340374362604052e-07,132
3.7037037037037037,4.1833604313978867e-07,-0.00342928315512836,1.1920928955078125e-07,537,14200,14199,0.0007,1826.4814814814815,71000,-1.9960593533596693e-07,132
3.7037037037037037,4.053517841384746e-07,-0.0034321181010454893,0.0,542,14300,14299,0.0007,1826.4814814814815,71500,-1.964671128007467e-07,131
3.7037037037037037,4.0782015275908634e-07,-0.003436526982113719,0.0,546,14400,14399,0.0007,1826.4814814814815,72000,-1.9737390744012373e-07,131
3.7037037037037037,4.008266785149317e-07,-0.003448574338108301,0.0,551,14500,14499,0.0007,1826.4814814814815,72500,-1.964954492450488e-07,131
3.7037037037037037,4.1029935005099105e-07,-0.004327691625803709,0.0,555,14600,14599,0.0007,1826.4814814814815,73000,-2.558373068950459e-07,131
3.7037037037037037,3.855229522287118e-07,-0.004346420522779226,0.0,559,14700,14699,0.0007,1826.4814814814815,73500,-2.4904974793571455e-07,131
3.7037037037037037,3.914383910341712e-07,-0.004315965808928013,0.0,563,14800,14799,0.0007,1826.4814814814815,74000,-2.4905995132940006e-07,131
3.7037037037037037,4.129553587972623e-07,-0.006152769550681114,0.0,568,14900,14899,0.0007,1826.4814814814815,74500,-3.805263588674279e-07,131
3.7037037037037037,3.923291558294295e-07,-0.006150995846837759,0.0,572,15000,14999,0.0007,1826.4814814814815,75000,-3.708691167503275e-07,131
3.7037037037037037,3.781777593303559e-07,-0.004801072645932436,0.0,576,15100,15099,0.0007,1826.4814814814815,75500,-2.7561401338971336e-07,130
3.7037037037037037,3.78194471295501e-07,-0.008216681890189648,0.0,580,15200,15199,0.0007,1826.4814814814815,76000,-5.042846851210925e-07,130
3.607142857142857,3.7926452023384627e-07,-0.011310460977256298,0.0,584,15300,15299,0.0007,2725.535714285714,76500,-7.237570684992534e-07,130
3.607142857142857,5.198323867715293e-14,-0.011583990417420864,0.0,589,15400,15399,0.0007,2725.535714285714,77000,2.0855965565669266e-10,130
3.607142857142857,2.102877029138469e-14,-0.011583934538066387,1.1920928955078125e-07,593,15500,15499,0.0007,2725.535714285714,77500,3.3761517886921055e-11,130
3.607142857142857,1.562157284226099e-14,-0.011586278676986694,0.0,598,15600,15599,0.0007,2725.535714285714,78000,7.663853926476172e-12,130
3.607142857142857,5.8968829819150415e-09,-0.011591355316340923,0.0,602,15700,15699,0.0007,2725.535714285714,78500,9.286922875162418e-08,130
3.607142857142857,2.9336430884541187e-07,-0.010006079450249672,0.0,607,15800,15799,0.0007,2725.535714285714,79000,5.557721465265786e-07,130
3.607142857142857,3.770128103042225e-07,-0.011516493745148182,0.0,612,15900,15899,0.0007,2725.535714285714,79500,7.388558174170612e-07,129
3.607142857142857,4.2115817677768064e-07,-0.011519987136125565,0.0,616,16000,15999,0.0007,2725.535714285714,80000,7.81196490606817e-07,129
3.607142857142857,4.6942190579102316e-07,-0.008404559455811977,0.0,621,16100,16099,0.0007,2725.535714285714,80500,5.804762963634857e-07,129
3.607142857142857,4.621963967110787e-07,-0.008407153189182281,0.0,625,16200,16199,0.0007,2725.535714285714,81000,5.762403247899783e-07,129
3.607142857142857,1.6794539092757077e-08,-0.01108915638178587,0.0,630,16300,16299,0.0007,2725.535714285714,81500,-1.5074725467911776e-07,129
3.607142857142857,2.13226343248607e-08,-0.010795663110911846,0.0,635,16400,16399,0.0007,2725.535714285714,82000,-1.6460406015994522e-07,129
3.607142857142857,8.061797858785729e-15,-0.010495132766664028,-1.1920928955078125e-07,639,16500,16499,0.0007,2725.535714285714,82500,-1.5308794509838464e-10,128
3.607142857142857,2.171571851147046e-16,-0.010495161637663841,0.0,644,16600,16599,0.0007,2725.535714285714,83000,1.6089147375497603e-11,128
3.607142857142857,4.102924258480266e-14,-0.010495174676179886,0.0,649,16700,16699,0.0007,2725.535714285714,83500,-9.623592200913578e-11,128
3.607142857142857,4.233546056309299e-15,-0.010495259426534176,-1.1920928955078125e-07,653,16800,16799,0.0007,2725.535714285714,84000,-7.297430715258457e-11,128
3.607142857142857,1.119358253247803e-19,-0.010495314374566078,0.0,658,16900,16899,0.0007,2725.535714285714,84500,3.6528383941768217e-13,128
3.607142857142857,3.9085340537116123e-20,-0.010495314374566078,0.0,663,17000,16999,0.0007,2725.535714285714,85000,2.158503817307686e-13,128
3.607142857142857,2.3127556336676377e-20,-0.010495318099856377,0.0,667,17100,17099,0.0007,2725.535714285714,85500,1.6603926079102743e-13,128
3.8620689655172415,3.5902063878357407e-17,-0.0066158100962638855,0.0,672,17200,17199,0.0007,2951.7586206896553,86000,3.874395162334343e-12,127
3.8620689655172415,1.2706905577462868e-15,-0.006599108222872019,0.0,677,17300,17299,0.0007,2951.7586206896553,86500,-2.2987995187961907e-11,127
3.8620689655172415,6.366345794858947e-15,-0.006599108222872019,0.0,683,17400,17399,0.0007,2951.7586206896553,87000,1.3985063107568863e-11,127
3.8620689655172415,1.0787391276130694e-15,-0.006599108222872019,0.0,689,17500,17499,0.0007,2951.7586206896553,87500,-4.8447423156572356e-11,126
3.8620689655172415,3.330325719475005e-18,-0.006599105428904295,0.0,695,17600,17599,0.0007,2951.7586206896553,88000,1.1768598248695916e-12,126
3.8620689655172415,7.676828478159583e-16,-0.006599000189453363,-1.1920928955078125e-07,701,17700,17699,0.0007,2951.7586206896553,88500,-4.23083547362868e-11,126
3.8620689655172415,7.676829007555175e-16,-0.006599010434001684,-1.1920928955078125e-07,707,17800,17799,0.0007,2951.7586206896553,89000,-4.23083547362868e-11,125
3.8620689655172415,7.676829007555175e-16,-0.006599016487598419,-1.1920928955078125e-07,713,17900,17899,0.0007,2951.7586206896553,89500,-4.23083547362868e-11,125
3.8620689655172415,1.2156950589974937e-14,-0.006621431093662977,0.0,719,18000,17999,0.0007,2951.7586206896553,90000,-3.449929578125399e-11,125
3.8620689655172415,1.5496731293751509e-06,-0.0066370368003845215,0.0,724,18100,18099,0.0007,2951.7586206896553,90500,8.076672202150803e-07,124
3.8620689655172415,3.1655184014680888e-15,-0.006446233484894037,5.960464477539063e-08,730,18200,18199,0.0007,2951.7586206896553,91000,-2.3304064841050964e-12,124
3.8620689655172415,2.3996148628248684e-14,-0.006446223706007004,0.0,736,18300,18299,0.0007,2951.7586206896553,91500,6.206131442088036e-11,124
3.8620689655172415,2.5967410713427464e-15,-0.006446206476539373,0.0,742,18400,18399,0.0007,2951.7586206896553,92000,-7.281533015435215e-11,123
3.8620689655172415,9.206938557326794e-05,-0.005679975263774395,0.0,748,18500,18499,0.0007,2951.7586206896553,92500,-5.228655481914757e-06,123
3.8620689655172415,1.3403661115588862e-14,-0.006305176764726639,0.0,754,18600,18599,0.0007,2951.7586206896553,93000,2.3285505468262357e-12,123
3.8620689655172415,1.5911494699594186e-07,-0.006180725060403347,0.0,760,18700,18699,0.0007,2951.7586206896553,93500,-2.389957955983846e-07,123
3.8620689655172415,4.893727682882892e-19,-0.006209741346538067,0.0,765,18800,18799,0.0007,2951.7586206896553,94000,4.211956304567277e-13,122
3.8620689655172415,4.872501124905844e-14,-0.006209747400134802,0.0,771,18900,18899,0.0007,2951.7586206896553,94500,-1.1848385987611731e-11,122
3.8620689655172415,3.7003755065910634e-21,-0.0062097511254251,0.0,777,19000,18999,0.0007,2951.7586206896553,95000,-3.6625745296857415e-14,122
3.8620689655172415,3.7003755065910634e-21,-0.0062097511254251,0.0,783,19100,19099,0.0007,2951.7586206896553,95500,-3.6625745296857415e-14,121
3.8620689655172415,3.7003755065910634e-21,-0.0062097511254251,0.0,788,19200,19199,0.0007,2951.7586206896553,96000,-3.6625748684989204e-14,121
3.8620689655172415,3.7003755065910634e-21,-0.0062097511254251,0.0,794,19300,19299,0.0007,2951.7586206896553,96500,-3.6625748684989204e-14,121
3.8620689655172415,5.99934759463734e-15,-0.006221059709787369,0.0,800,19400,19399,0.0007,2951.7586206896553,97000,-1.159868555367094e-11,121
3.8620689655172415,5.903401656404128e-10,-0.0062198331579566,0.0,806,19500,19499,0.0007,2951.7586206896553,97500,-1.4693104510854482e-08,120
3.8620689655172415,4.255870678093743e-08,-0.006217306014150381,0.0,812,19600,19599,0.0007,2951.7586206896553,98000,-1.243561627006784e-07,120
3.8620689655172415,4.749388722302683e-07,-0.006212139502167702,0.0,817,19700,19699,0.0007,2951.7586206896553,98500,-4.1523500726725615e-07,120
3.8620689655172415,3.4546042115835007e-07,-0.006212836597114801,0.0,823,19800,19799,0.0007,2951.7586206896553,99000,-3.5413967225395027e-07,120
3.8620689655172415,2.5556926175340777e-07,-0.006213261745870113,0.0,829,19900,19899,0.0007,2951.7586206896553,99500,-3.046648657800688e-07,120
3.8620689655172415,3.2281977269121853e-07,-0.006212444510310888,0.0,833,20000,19999,0.0007,2951.7586206896553,100000,-3.423706687044614e-07,119
