rollout/ep_len_mean,time/episodes,time/total_timesteps,rollout/exploration_rate,time/fps,time/time_elapsed,rollout/ep_rew_mean,train/n_updates,train/loss,train/learning_rate
20.25,4,81,0.9991972972972973,6721,0,20.25,,,
20.125,8,161,0.9984045045045045,1214,0,20.125,15,0.44279977679252625,0.0004
19.916666666666668,12,239,0.9976315315315315,900,0,19.916666666666668,34,0.2765810787677765,0.0004
19.375,16,310,0.996927927927928,777,0,19.375,52,0.17093321681022644,0.0004
18.6,20,372,0.9963135135135136,728,0,18.6,67,0.09836962074041367,0.0004
20.291666666666668,24,487,0.9951738738738738,673,0,20.291666666666668,96,0.03061985969543457,0.0004
21.035714285714285,28,589,0.9941630630630631,627,0,21.035714285714285,122,0.010976171121001244,0.0004
21.84375,32,699,0.9930729729729729,606,1,21.84375,149,0.010253638960421085,0.0004
22.02777777777778,36,793,0.9921414414414415,596,1,22.02777777777778,173,0.0040929121896624565,0.0004
22.3,40,892,0.9911603603603604,590,1,22.3,197,0.005241080187261105,0.0004
22.636363636363637,44,996,0.9901297297297298,586,1,22.636363636363637,223,0.0013772753300145268,0.0004
22.104166666666668,48,1061,0.9894855855855855,580,1,22.104166666666668,240,0.002862541936337948,0.0004
22.384615384615383,52,1164,0.9884648648648648,572,2,22.384615384615383,265,0.0007614191854372621,0.0004
22.785714285714285,56,1276,0.987354954954955,562,2,22.785714285714285,293,0.00038663894520141184,0.0004
22.45,60,1347,0.9866513513513514,563,2,22.45,311,0.00040518847526982427,0.0004
22.25,64,1424,0.9858882882882882,562,2,22.25,330,0.0002757130132522434,0.0004
22.323529411764707,68,1518,0.9849567567567568,558,2,22.323529411764707,354,0.00037477206205949187,0.0004
21.916666666666668,72,1578,0.9843621621621621,558,2,21.916666666666668,369,0.00034824630711227655,0.0004
22.223684210526315,76,1689,0.9832621621621622,553,3,22.223684210526315,397,0.00012396615056786686,0.0004
22.5125,80,1801,0.9821522522522523,550,3,22.5125,425,0.0001769262016750872,0.0004
22.452380952380953,84,1886,0.98130990990991,549,3,22.452380952380953,446,8.500503463437781e-05,0.0004
22.125,88,1947,0.9807054054054054,548,3,22.125,461,6.192777800606564e-05,0.0004
22.043478260869566,92,2028,0.9799027027027027,545,3,22.043478260869566,481,6.726678111590445e-05,0.0004
22.354166666666668,96,2146,0.9787333333333333,542,3,22.354166666666668,511,6.309611489996314e-05,0.0004
22.42,100,2242,0.977781981981982,540,4,22.42,535,0.00016608115402050316,0.0004
22.38,104,2319,0.9770189189189189,540,4,22.38,554,8.258131856564432e-05,0.0004
22.97,108,2458,0.9756414414414414,542,4,22.97,589,6.070604285923764e-05,0.0004
23.02,112,2541,0.9748189189189189,543,4,23.02,610,7.278799603227526e-05,0.0004
23.35,116,2645,0.9737882882882883,538,4,23.35,636,4.068101407028735e-05,0.0004
23.73,120,2745,0.9727972972972974,537,5,23.73,661,4.691892536357045e-05,0.0004
23.56,124,2843,0.9718261261261262,536,5,23.56,685,3.69154367945157e-05,0.0004
23.61,128,2950,0.9707657657657658,534,5,23.61,712,4.93019942950923e-05,0.0004
23.87,132,3086,0.969418018018018,532,5,23.87,746,4.715468821814284e-05,0.0004
24.32,136,3225,0.9680405405405406,531,6,24.32,781,1.2022581358905882e-05,0.0004
24.17,140,3309,0.9672081081081082,533,6,24.17,802,2.2126907424535602e-05,0.0004
23.98,144,3394,0.9663657657657658,534,6,23.98,823,3.3363521652063355e-05,0.0004
24.26,148,3487,0.9654441441441441,535,6,24.26,846,1.8001821445068344e-05,0.0004
24.09,152,3573,0.9645918918918919,536,6,24.09,868,2.7649128242046572e-05,0.0004
23.79,156,3655,0.9637792792792793,535,6,23.79,888,5.0841284974012524e-05,0.0004
23.7,160,3717,0.9631648648648649,534,6,23.7,904,3.3711508876876906e-05,0.0004
24.25,164,3849,0.9618567567567567,531,7,24.25,937,7.053817535052076e-05,0.0004
24.28,168,3946,0.9608954954954955,531,7,24.28,961,1.3718463378609158e-05,0.0004
24.52,172,4030,0.9600630630630631,531,7,24.52,982,7.356621790677309e-05,0.0004
24.2,176,4109,0.9592801801801802,531,7,24.2,1002,1.908690137497615e-05,0.0004
24.11,180,4212,0.9582594594594595,531,7,24.11,1027,1.2579676877066959e-05,0.0004
24.42,184,4328,0.95710990990991,532,8,24.42,1056,1.3707262041862123e-05,0.0004
24.55,188,4402,0.9563765765765766,530,8,24.55,1075,2.6002579033956863e-05,0.0004
24.48,192,4476,0.9556432432432432,530,8,24.48,1093,2.8727736207656562e-05,0.0004
24.31,196,4577,0.9546423423423424,529,8,24.31,1119,4.055358294863254e-05,0.0004
24.12,200,4654,0.9538792792792793,528,8,24.12,1138,4.3411695514805615e-05,0.0004
23.98,204,4717,0.9532549549549549,528,8,23.98,1154,3.264376209699549e-05,0.0004
23.25,208,4783,0.9526009009009009,527,9,23.25,1170,1.3092448170937132e-05,0.0004
23.35,212,4876,0.9516792792792792,528,9,23.35,1193,4.367770452518016e-05,0.0004
23.41,216,4986,0.9505891891891892,529,9,23.41,1221,0.0001470082061132416,0.0004
23.22,220,5067,0.9497864864864864,530,9,23.22,1241,1.6173056792467833e-05,0.0004
23.12,224,5155,0.9489144144144144,531,9,23.12,1263,2.014541496464517e-05,0.0004
22.91,228,5241,0.9480621621621622,530,9,22.91,1285,0.0002609766088426113,0.0004
23.11,232,5397,0.9465162162162163,530,10,23.11,1324,3.136575105600059e-05,0.0004
23.85,236,5610,0.9444054054054054,532,10,23.85,1377,2.2857679141452536e-05,0.0004
23.74,240,5683,0.9436819819819819,532,10,23.74,1395,0.00011506297596497461,0.0004
23.54,244,5748,0.9430378378378379,532,10,23.54,1411,2.4851093257893808e-05,0.0004
23.75,248,5862,0.9419081081081081,531,11,23.75,1440,1.7119498807005584e-05,0.0004
23.87,252,5960,0.9409369369369369,531,11,23.87,1464,2.6283407351002097e-05,0.0004
23.95,256,6050,0.940045045045045,529,11,23.95,1487,0.00017158595437649637,0.0004
24.21,260,6138,0.939172972972973,528,11,24.21,1509,3.666281554615125e-05,0.0004
23.55,264,6204,0.9385189189189189,528,11,23.55,1525,9.814828808885068e-05,0.0004
23.2,268,6266,0.9379045045045046,528,11,23.2,1541,4.6122335334075615e-05,0.0004
23.01,272,6331,0.9372603603603604,528,11,23.01,1557,3.972835111198947e-05,0.0004
22.84,276,6393,0.9366459459459459,528,12,22.84,1573,6.453647802118212e-05,0.0004
22.49,280,6461,0.935972072072072,528,12,22.49,1590,1.4338966138893738e-05,0.0004
22.3,284,6558,0.9350108108108108,527,12,22.3,1614,9.330827015219256e-05,0.0004
22.41,288,6643,0.9341684684684685,526,12,22.41,1635,0.0001813885464798659,0.0004
22.64,292,6740,0.9332072072072072,526,12,22.64,1659,0.00011176086991326883,0.0004
22.44,296,6821,0.9324045045045045,525,12,22.44,1680,2.3297430743696168e-05,0.0004
22.64,300,6918,0.9314432432432432,525,13,22.64,1704,2.954768751806114e-05,0.0004
23.08,304,7025,0.9303828828828828,524,13,23.08,1731,4.003122739959508e-05,0.0004
24.12,308,7195,0.9286981981981982,524,13,24.12,1773,2.533154474804178e-05,0.0004
24.56,312,7332,0.9273405405405405,524,13,24.56,1807,4.861515844822861e-05,0.0004
24.22,316,7408,0.9265873873873873,524,14,24.22,1826,1.6552399756619707e-05,0.0004
24.57,320,7524,0.9254378378378378,524,14,24.57,1855,1.816785879782401e-05,0.0004
24.47,324,7602,0.9246648648648649,524,14,24.47,1875,3.3467709727119654e-05,0.0004
24.41,328,7682,0.9238720720720721,524,14,24.41,1895,3.642473529907875e-05,0.0004
24.17,332,7814,0.922563963963964,524,14,24.17,1928,0.0002516170497983694,0.0004
23.3,336,7940,0.9213153153153153,524,15,23.3,1959,3.690013545565307e-05,0.0004
23.63,340,8046,0.9202648648648649,523,15,23.63,1986,3.5946606658399105e-05,0.0004
23.96,344,8144,0.9192936936936937,523,15,23.96,2010,1.3550485164159909e-05,0.0004
23.8,348,8242,0.9183225225225226,523,15,23.8,2035,1.0847106750588864e-05,0.0004
24.24,352,8384,0.9169153153153153,524,15,24.24,2070,2.928936737589538e-05,0.0004
24.54,356,8504,0.9157261261261261,525,16,24.54,2100,4.699180499301292e-05,0.0004
24.53,360,8591,0.914863963963964,524,16,24.53,2122,3.0813709599897265e-05,0.0004
24.68,364,8672,0.9140612612612612,524,16,24.68,2142,3.174749872414395e-05,0.0004
25.78,368,8844,0.9123567567567568,522,16,25.78,2185,1.5414339941344224e-05,0.0004
26.4,372,8971,0.9110981981981983,522,17,26.4,2217,9.948782462743111e-06,0.0004
27.05,376,9098,0.9098396396396395,521,17,27.05,2249,2.4750865122769028e-05,0.0004
26.93,380,9154,0.9092846846846847,521,17,26.93,2263,8.879537926986814e-05,0.0004
26.83,384,9241,0.9084225225225225,521,17,26.83,2285,1.4255921087169554e-05,0.0004
27.17,388,9360,0.9072432432432432,521,17,27.17,2314,1.0578602086752653e-05,0.0004
27.31,392,9471,0.9061432432432432,521,18,27.31,2342,3.751974509214051e-05,0.0004
27.81,396,9602,0.904845045045045,521,18,27.81,2375,3.7541743949986994e-05,0.0004
27.43,400,9661,0.9042603603603604,521,18,27.43,2390,0.00016399846936110407,0.0004
27.21,404,9746,0.903418018018018,521,18,27.21,2411,5.239080201135948e-05,0.0004
26.35,408,9830,0.9025855855855855,520,18,26.35,2432,8.514229193679057e-06,0.0004
25.77,412,9909,0.9018027027027027,520,19,25.77,2452,1.8416270904708654e-05,0.0004
25.81,416,9989,0.9010099099099098,519,19,25.81,2472,0.000136662827571854,0.0004
25.54,420,10078,0.900127927927928,519,19,25.54,2494,0.04223422706127167,0.0004
25.71,424,10173,0.8991864864864865,519,19,25.71,2518,0.04576266184449196,0.0004
25.68,428,10250,0.8984234234234234,519,19,25.68,2537,0.005348208826035261,0.0004
25.21,432,10335,0.897581081081081,519,19,25.21,2558,0.01784355193376541,0.0004
24.87,436,10427,0.8966693693693694,518,20,24.87,2581,0.016123991459608078,0.0004
24.77,440,10523,0.895718018018018,518,20,24.77,2605,0.05122357979416847,0.0004
24.78,444,10622,0.8947369369369369,519,20,24.78,2630,0.02516653575003147,0.0004
24.63,448,10705,0.8939144144144144,519,20,24.63,2651,0.01117826346307993,0.0004
24.44,452,10828,0.8926954954954954,519,20,24.44,2681,0.026181135326623917,0.0004
24.54,456,10958,0.8914072072072072,519,21,24.54,2714,0.01081816852092743,0.0004
24.89,460,11080,0.8901981981981982,519,21,24.89,2744,0.007335039786994457,0.0004
24.83,464,11155,0.889454954954955,519,21,24.83,2763,0.03780079632997513,0.0004
24.49,468,11293,0.8880873873873874,519,21,24.49,2798,0.011109095066785812,0.0004
24.19,472,11390,0.8871261261261261,519,21,24.19,2822,0.00431105587631464,0.0004
24.42,476,11540,0.8856396396396397,518,22,24.42,2859,0.021844293922185898,0.0004
24.66,480,11620,0.8848468468468469,518,22,24.66,2879,0.013665313832461834,0.0004
24.4,484,11681,0.8842423423423423,518,22,24.4,2895,0.022834382951259613,0.0004
24.22,488,11782,0.8832414414414415,519,22,24.22,2920,0.04014935344457626,0.0004
23.96,492,11867,0.8823990990990991,519,22,23.96,2941,0.04166208952665329,0.0004
23.98,496,12000,0.8810810810810811,519,23,23.98,2974,0.004566574934870005,0.0004
24.37,500,12098,0.8801099099099099,519,23,24.37,2999,0.010144252330064774,0.0004
24.27,504,12173,0.8793666666666666,518,23,24.27,3018,0.022422512993216515,0.0004
24.73,508,12303,0.8780783783783784,518,23,24.73,3050,0.002688529435545206,0.0004
24.74,512,12383,0.8772855855855856,518,23,24.74,3070,0.014090780168771744,0.0004
24.75,516,12464,0.8764828828828829,518,24,24.75,3090,0.007140069268643856,0.0004
24.72,520,12550,0.8756306306306307,518,24,24.72,3112,0.002139879623427987,0.0004
25.12,524,12685,0.8742927927927928,518,24,25.12,3146,0.012425231747329235,0.0004
25.04,528,12754,0.8736090090090091,518,24,25.04,3163,0.026954639703035355,0.0004
25.0,532,12835,0.8728063063063063,518,24,25.0,3183,0.008617076091468334,0.0004
24.96,536,12923,0.8719342342342342,517,24,24.96,3205,0.015484139323234558,0.0004
24.54,540,12977,0.8713990990990992,517,25,24.54,3219,0.005021062679588795,0.0004
24.81,544,13103,0.8701504504504505,517,25,24.81,3250,0.014408811926841736,0.0004
24.81,548,13186,0.869327927927928,517,25,24.81,3271,0.014988758601248264,0.0004
24.55,552,13283,0.8683666666666667,517,25,24.55,3295,0.03758290410041809,0.0004
23.86,556,13344,0.8677621621621622,517,25,23.86,3310,0.014161424711346626,0.0004
23.77,560,13457,0.8666423423423424,517,26,23.77,3339,0.0056447372771799564,0.0004
23.73,564,13528,0.8659387387387387,517,26,23.73,3356,0.007249030284583569,0.0004
23.24,568,13617,0.8650567567567568,516,26,23.24,3379,0.02608017809689045,0.0004
23.58,572,13748,0.8637585585585585,516,26,23.58,3411,0.02396261878311634,0.0004
23.44,576,13884,0.8624108108108108,516,26,23.44,3445,0.0007608132436871529,0.0004
23.91,580,14011,0.8611522522522523,516,27,23.91,3477,0.025667933747172356,0.0004
24.59,584,14140,0.8598738738738739,517,27,24.59,3509,0.02657584473490715,0.0004
24.7,588,14252,0.8587639639639639,517,27,24.7,3537,0.013732906430959702,0.0004
24.81,592,14348,0.8578126126126125,517,27,24.81,3561,0.026722192764282227,0.0004
24.07,596,14407,0.8572279279279279,517,27,24.07,3576,0.002552175894379616,0.0004
23.98,600,14496,0.8563459459459459,516,28,23.98,3598,0.017887167632579803,0.0004
24.0,604,14573,0.8555828828828829,516,28,24.0,3618,0.025774573907256126,0.0004
23.3,608,14633,0.8549882882882883,516,28,23.3,3633,0.007396785542368889,0.0004
23.58,612,14741,0.8539180180180179,515,28,23.58,3660,0.008439196273684502,0.0004
23.34,616,14798,0.8533531531531532,515,28,23.34,3674,0.014088360592722893,0.0004
23.35,620,14885,0.852490990990991,514,28,23.35,3696,0.012233933433890343,0.0004
22.63,624,14948,0.8518666666666665,514,29,22.63,3711,0.010166458785533905,0.0004
22.99,628,15053,0.8508261261261261,514,29,22.99,3738,0.011471890844404697,0.0004
23.08,632,15143,0.8499342342342343,514,29,23.08,3760,0.038775838911533356,0.0004
22.87,636,15210,0.8492702702702702,514,29,22.87,3777,0.007198268547654152,0.0004
23.14,640,15291,0.8484675675675676,514,29,23.14,3797,0.015670761466026306,0.0004
23.09,644,15412,0.8472684684684684,514,29,23.09,3827,0.014689849689602852,0.0004
23.08,648,15494,0.8464558558558559,514,30,23.08,3848,0.012857506051659584,0.0004
23.04,652,15587,0.8455342342342342,514,30,23.04,3871,0.01056255679577589,0.0004
23.41,656,15685,0.8445630630630632,514,30,23.41,3896,0.018141724169254303,0.0004
23.52,660,15809,0.8433342342342341,514,30,23.52,3927,0.0019517852924764156,0.0004
23.51,664,15879,0.8426405405405406,514,30,23.51,3944,0.019599754363298416,0.0004
23.84,668,16001,0.8414315315315315,513,31,23.84,3975,0.023110060021281242,0.0004
23.24,672,16072,0.8407279279279279,513,31,23.24,3992,0.002992337103933096,0.0004
22.69,676,16153,0.8399252252252253,513,31,22.69,4013,0.018643610179424286,0.0004
22.37,680,16248,0.8389837837837838,513,31,22.37,4036,0.025536229833960533,0.0004
21.94,684,16334,0.8381315315315315,512,31,21.94,4058,0.018528476357460022,0.0004
21.9,688,16442,0.8370612612612612,512,32,21.9,4085,0.029571793973445892,0.0004
21.97,692,16545,0.8360405405405406,512,32,21.97,4111,0.008007772266864777,0.0004
21.98,696,16605,0.8354459459459459,512,32,21.98,4126,0.009380429051816463,0.0004
21.81,700,16677,0.8347324324324324,512,32,21.81,4144,0.012834396213293076,0.0004
22.17,704,16790,0.8336126126126127,512,32,22.17,4172,0.0019832078833132982,0.0004
22.6,708,16893,0.8325918918918919,511,32,22.6,4198,0.02116529643535614,0.0004
22.51,712,16992,0.8316108108108109,511,33,22.51,4222,0.008091915398836136,0.0004
22.79,716,17077,0.8307684684684685,511,33,22.79,4244,0.00882232841104269,0.0004
22.61,720,17146,0.8300846846846848,511,33,22.61,4261,0.018514320254325867,0.0004
22.75,724,17223,0.8293216216216216,511,33,22.75,4280,0.010686404071748257,0.0004
22.59,728,17312,0.8284396396396396,511,33,22.59,4302,0.010556305758655071,0.0004
22.65,732,17408,0.8274882882882884,511,34,22.65,4326,0.01550253015011549,0.0004
22.84,736,17494,0.8266360360360361,511,34,22.84,4348,0.006450711749494076,0.0004
22.79,740,17570,0.8258828828828829,511,34,22.79,4367,0.019650589674711227,0.0004
22.64,744,17676,0.8248324324324324,511,34,22.64,4393,0.04161013662815094,0.0004
23.2,748,17814,0.8234648648648649,510,34,23.2,4428,0.0194535069167614,0.0004
23.25,752,17912,0.8224936936936937,510,35,23.25,4452,0.0240030474960804,0.0004
23.56,756,18041,0.8212153153153153,509,35,23.56,4485,0.012444581836462021,0.0004
22.8,760,18089,0.8207396396396396,509,35,22.8,4497,0.013426274992525578,0.0004
22.84,764,18163,0.8200063063063063,509,35,22.84,4515,0.01319111604243517,0.0004
22.45,768,18246,0.8191837837837838,509,35,22.45,4536,0.006699837744235992,0.0004
22.59,772,18331,0.8183414414414415,509,35,22.59,4557,0.014180629514157772,0.0004
22.84,776,18437,0.8172909909909909,509,36,22.84,4584,0.0017781341448426247,0.0004
22.58,780,18506,0.8166072072072073,509,36,22.58,4601,0.008163021877408028,0.0004
22.51,784,18585,0.8158243243243244,509,36,22.51,4621,0.0014608623459935188,0.0004
22.85,788,18727,0.8144171171171171,509,36,22.85,4656,0.008657517842948437,0.0004
22.76,792,18821,0.8134855855855856,509,36,22.76,4680,0.012272775173187256,0.0004
22.95,796,18900,0.8127027027027026,509,37,22.95,4699,0.005442175082862377,0.0004
23.57,800,19034,0.8113747747747748,509,37,23.57,4733,0.01749531365931034,0.0004
23.63,804,19153,0.8101954954954955,509,37,23.63,4763,0.015475623309612274,0.0004
23.57,808,19250,0.8092342342342342,509,37,23.57,4787,0.01507225539535284,0.0004
23.34,812,19326,0.8084810810810811,509,37,23.34,4806,0.013450415804982185,0.0004
24.17,816,19494,0.8068162162162162,508,38,24.17,4848,0.005340303294360638,0.0004
25.31,820,19677,0.8050027027027027,508,38,25.31,4894,0.013625050894916058,0.0004
25.93,824,19816,0.8036252252252252,508,38,25.93,4928,0.00883897952735424,0.0004
26.03,828,19915,0.8026441441441442,508,39,26.03,4953,0.026592571288347244,0.0004
26.16,832,20024,0.801563963963964,508,39,26.16,4980,0.158869668841362,0.0004
25.96,836,20090,0.80090990990991,508,39,25.96,4997,0.12228185683488846,0.0004
26.06,840,20176,0.8000576576576577,508,39,26.06,5018,0.006428681313991547,0.0004
25.82,844,20258,0.799245045045045,508,39,25.82,5039,0.02851254492998123,0.0004
25.79,848,20393,0.7979072072072073,508,40,25.79,5073,0.006662767380475998,0.0004
25.61,852,20473,0.7971144144144144,508,40,25.61,5093,0.020483525469899178,0.0004
25.25,856,20566,0.7961927927927929,508,40,25.25,5116,0.03946354240179062,0.0004
25.63,860,20652,0.7953405405405405,508,40,25.63,5137,0.06659861654043198,0.0004
26.19,864,20782,0.7940522522522523,508,40,26.19,5170,0.05065338686108589,0.0004
26.57,868,20903,0.7928531531531531,507,41,26.57,5200,0.001130961813032627,0.0004
26.61,872,20992,0.7919711711711712,507,41,26.61,5222,0.04621802270412445,0.0004
27.52,876,21189,0.7900189189189188,506,41,27.52,5272,0.002043668180704117,0.0004
28.77,880,21383,0.7880963963963965,507,42,28.77,5320,0.01559850201010704,0.0004
29.13,884,21498,0.7869567567567568,507,42,29.13,5349,0.00918479636311531,0.0004
28.84,888,21611,0.7858369369369369,507,42,28.84,5377,0.09242025762796402,0.0004
28.64,892,21685,0.7851036036036037,507,42,28.64,5396,0.03670177236199379,0.0004
28.53,896,21753,0.7844297297297297,507,42,28.53,5413,0.029744526371359825,0.0004
28.93,900,21927,0.7827054054054055,506,43,28.93,5456,0.006521554198116064,0.0004
29.07,904,22060,0.7813873873873873,506,43,29.07,5489,0.11410954594612122,0.0004
29.11,908,22161,0.7803864864864865,506,43,29.11,5515,0.03842878341674805,0.0004
29.29,912,22255,0.779454954954955,506,43,29.29,5538,0.035811129957437515,0.0004
28.94,916,22388,0.778136936936937,506,44,28.94,5571,0.06429687142372131,0.0004
28.56,920,22533,0.7767,505,44,28.56,5608,0.08420807123184204,0.0004
27.96,924,22612,0.7759171171171171,505,44,27.96,5627,0.04580162465572357,0.0004
28.65,928,22780,0.7742522522522522,505,45,28.65,5669,0.012888106517493725,0.0004
28.24,932,22848,0.7735783783783784,505,45,28.24,5686,0.06483002007007599,0.0004
29.26,936,23016,0.7719135135135136,505,45,29.26,5728,0.08903034776449203,0.0004
29.65,940,23141,0.7706747747747748,505,45,29.65,5760,0.02360524795949459,0.0004
29.93,944,23251,0.7695846846846847,504,46,29.93,5787,0.03938452899456024,0.0004
29.27,948,23320,0.7689009009009009,505,46,29.27,5804,0.04191575571894646,0.0004
30.14,952,23487,0.767245945945946,504,46,30.14,5846,0.03423126041889191,0.0004
30.24,956,23590,0.7662252252252253,504,46,30.24,5872,0.00930639635771513,0.0004
30.64,960,23716,0.7649765765765766,504,46,30.64,5903,0.01963731087744236,0.0004
30.43,964,23825,0.7638963963963965,504,47,30.43,5931,0.008111820556223392,0.0004
30.55,968,23958,0.7625783783783784,504,47,30.55,5964,0.020253250375390053,0.0004
31.95,972,24187,0.760309009009009,503,47,31.95,6021,0.05554114282131195,0.0004
30.94,976,24283,0.7593576576576577,504,48,30.94,6045,0.019825536757707596,0.0004
30.15,980,24398,0.758218018018018,504,48,30.15,6074,0.0017471539322286844,0.0004
31.03,984,24601,0.7562063063063063,503,48,31.03,6125,0.00417023990303278,0.0004
30.6,988,24671,0.7555126126126126,503,48,30.6,6142,0.005573831964284182,0.0004
32.52,992,24937,0.7528765765765766,503,49,32.52,6209,0.03024844266474247,0.0004
32.72,996,25025,0.7520045045045045,503,49,32.72,6231,0.00851693470031023,0.0004
32.5,1000,25177,0.7504981981981982,503,50,32.5,6269,0.0012703014072030783,0.0004
32.33,1004,25293,0.7493486486486487,503,50,32.33,6298,0.04115646332502365,0.0004
32.36,1008,25397,0.748318018018018,503,50,32.36,6324,0.005130902864038944,0.0004
32.61,1012,25516,0.7471387387387387,503,50,32.61,6353,0.021021835505962372,0.0004
32.57,1016,25645,0.7458603603603603,503,50,32.57,6386,0.027793634682893753,0.0004
32.32,1020,25765,0.7446711711711712,502,51,32.32,6416,0.0012184844817966223,0.0004
33.43,1024,25955,0.7427882882882884,502,51,33.43,6463,0.0013669990003108978,0.0004
33.2,1028,26100,0.7413513513513513,501,52,33.2,6499,0.01767680235207081,0.0004
34.51,1032,26299,0.7393792792792793,501,52,34.51,6549,0.0319320373237133,0.0004
33.89,1036,26405,0.7383288288288288,500,52,33.89,6576,0.03256046026945114,0.0004
33.5,1040,26491,0.7374765765765766,500,52,33.5,6597,0.007659809663891792,0.0004
33.51,1044,26602,0.7363765765765766,500,53,33.51,6625,0.008486676961183548,0.0004
33.77,1048,26697,0.7354351351351351,500,53,33.77,6649,0.004028295166790485,0.0004
33.2,1052,26807,0.734345045045045,499,53,33.2,6676,0.010409831069409847,0.0004
33.2,1056,26910,0.7333243243243244,498,53,33.2,6702,0.010279501788318157,0.0004
32.91,1060,27007,0.7323630630630631,498,54,32.91,6726,0.020931541919708252,0.0004
32.39,1064,27064,0.7317981981981982,498,54,32.39,6740,0.017399193719029427,0.0004
31.67,1068,27125,0.7311936936936937,498,54,31.67,6756,0.005766957998275757,0.0004
31.59,1072,27346,0.7290036036036036,497,54,31.59,6811,0.018663272261619568,0.0004
31.45,1076,27428,0.7281909909909909,497,55,31.45,6831,0.027447637170553207,0.0004
31.21,1080,27519,0.7272891891891892,497,55,31.21,6854,0.03998445346951485,0.0004
30.65,1084,27666,0.7258324324324325,496,55,30.65,6891,0.016071656718850136,0.0004
31.62,1088,27833,0.7241774774774775,496,56,31.62,6933,0.02254287712275982,0.0004
29.84,1092,27921,0.7233054054054054,496,56,29.84,6955,0.027769848704338074,0.0004
29.54,1096,27979,0.7227306306306307,496,56,29.54,6969,0.010148204863071442,0.0004
29.75,1100,28152,0.7210162162162163,495,56,29.75,7012,0.0031074450816959143,0.0004
29.77,1104,28270,0.7198468468468469,495,57,29.77,7042,0.006639908533543348,0.0004
30.69,1108,28466,0.7179045045045045,495,57,30.69,7091,0.021090403199195862,0.0004
30.66,1112,28582,0.716754954954955,494,57,30.66,7120,0.04306285083293915,0.0004
30.51,1116,28696,0.7156252252252253,494,58,30.51,7148,0.027924109250307083,0.0004
30.6,1120,28825,0.7143468468468468,493,58,30.6,7181,0.007350594270974398,0.0004
30.03,1124,28958,0.7130288288288289,493,58,30.03,7214,0.011620255187153816,0.0004
29.46,1128,29046,0.7121567567567568,493,58,29.46,7236,0.03076484240591526,0.0004
29.3,1132,29229,0.7103432432432433,492,59,29.3,7282,0.026029136031866074,0.0004
28.87,1136,29292,0.7097189189189188,492,59,28.87,7297,0.0016540763899683952,0.0004
29.15,1140,29406,0.7085891891891892,492,59,29.15,7326,0.0037556570023298264,0.0004
29.29,1144,29531,0.7073504504504504,492,60,29.29,7357,0.03315843269228935,0.0004
30.95,1148,29792,0.704763963963964,491,60,30.95,7422,0.04734578728675842,0.0004
30.64,1152,29871,0.7039810810810812,491,60,30.64,7442,0.055683985352516174,0.0004
31.19,1156,30029,0.7024153153153154,491,61,31.19,7482,0.038557641208171844,0.0004
30.95,1160,30102,0.7016918918918919,491,61,30.95,7500,0.08722462505102158,0.0004
31.92,1164,30256,0.7001657657657658,491,61,31.92,7538,0.03536013513803482,0.0004
32.89,1168,30414,0.6985999999999999,491,61,32.89,7578,0.04116179794073105,0.0004
32.26,1172,30572,0.6970342342342342,490,62,32.26,7617,0.006659350357949734,0.0004
32.1,1176,30638,0.6963801801801802,490,62,32.1,7634,0.04665528982877731,0.0004
32.56,1180,30775,0.6950225225225226,490,62,32.56,7668,0.01016814261674881,0.0004
32.68,1184,30934,0.6934468468468469,489,63,32.68,7708,0.03333896026015282,0.0004
32.05,1188,31038,0.6924162162162162,489,63,32.05,7734,0.0491911880671978,0.0004
32.54,1192,31175,0.6910585585585586,489,63,32.54,7768,0.01003692951053381,0.0004
33.27,1196,31306,0.6897603603603604,489,64,33.27,7801,0.018460428342223167,0.0004
32.72,1200,31424,0.6885909909909909,489,64,32.72,7830,0.026893548667430878,0.0004
33.54,1204,31624,0.6866090090090089,488,64,33.54,7880,0.030298905447125435,0.0004
32.94,1208,31760,0.6852612612612613,487,65,32.94,7914,0.01611185446381569,0.0004
33.13,1212,31895,0.6839234234234234,487,65,33.13,7948,0.05336540564894676,0.0004
34.49,1216,32145,0.6814459459459459,486,66,34.49,8011,0.08646087348461151,0.0004
34.02,1220,32227,0.6806333333333333,485,66,34.02,8031,0.009713592007756233,0.0004
34.4,1224,32398,0.6789387387387389,485,66,34.4,8074,0.013479122892022133,0.0004
34.7,1228,32516,0.6777693693693694,484,67,34.7,8103,0.0030228490941226482,0.0004
33.62,1232,32591,0.6770261261261262,483,67,33.62,8122,0.038489341735839844,0.0004
34.07,1236,32699,0.6759558558558558,483,67,34.07,8149,0.008484460413455963,0.0004
33.88,1240,32794,0.6750144144144143,483,67,33.88,8173,0.017766032367944717,0.0004
34.46,1244,32977,0.6732009009009009,482,68,34.46,8219,0.04196840897202492,0.0004
32.5,1248,33042,0.6725567567567567,482,68,32.5,8235,0.027497634291648865,0.0004
33.43,1252,33214,0.6708522522522523,482,68,33.43,8278,0.08656185865402222,0.0004
33.65,1256,33394,0.6690684684684685,482,69,33.65,8323,0.00680895708501339,0.0004
34.76,1260,33578,0.6672450450450451,482,69,34.76,8369,0.072252057492733,0.0004
35.05,1264,33761,0.6654315315315316,481,70,35.05,8415,0.0566001757979393,0.0004
35.9,1268,34004,0.6630234234234235,481,70,35.9,8475,0.0870978906750679,0.0004
35.42,1272,34114,0.6619333333333333,481,70,35.42,8503,0.01732441410422325,0.0004
37.72,1276,34410,0.659,481,71,37.72,8577,0.042212024331092834,0.0004
38.74,1280,34649,0.6566315315315316,480,72,38.74,8637,0.03245280310511589,0.0004
39.18,1284,34852,0.6546198198198199,479,72,39.18,8687,0.00944454688578844,0.0004
39.93,1288,35031,0.6528459459459459,479,73,39.93,8732,0.014312333427369595,0.0004
40.2,1292,35195,0.6512207207207208,479,73,40.2,8773,0.03376655653119087,0.0004
41.18,1296,35424,0.6489513513513514,478,73,41.18,8830,0.014608178287744522,0.0004
40.94,1300,35518,0.6480198198198197,478,74,40.94,8854,0.03351996839046478,0.0004
41.07,1304,35731,0.6459090090090089,478,74,41.07,8907,0.06247258186340332,0.0004
41.41,1308,35901,0.6442243243243242,478,75,41.41,8950,0.01653200574219227,0.0004
42.84,1312,36179,0.6414693693693694,477,75,42.84,9019,0.006289582699537277,0.0004
42.07,1316,36352,0.6397549549549548,476,76,42.07,9062,0.001027071150019765,0.0004
42.95,1320,36522,0.6380702702702703,476,76,42.95,9105,0.01942257210612297,0.0004
41.94,1324,36592,0.6373765765765766,475,76,41.94,9122,0.012491462752223015,0.0004
43.15,1328,36831,0.635008108108108,475,77,43.15,9182,0.12242235243320465,0.0004
43.5,1332,36941,0.633918018018018,475,77,43.5,9210,0.07508769631385803,0.0004
43.51,1336,37050,0.6328378378378379,475,77,43.51,9237,0.00814042054116726,0.0004
43.68,1340,37162,0.6317279279279279,475,78,43.68,9265,0.05601920560002327,0.0004
44.62,1344,37439,0.628982882882883,474,78,44.62,9334,0.04338131099939346,0.0004
45.64,1348,37606,0.6273279279279278,474,79,45.64,9376,0.03064076229929924,0.0004
45.19,1352,37733,0.6260693693693694,474,79,45.19,9408,0.052685003727674484,0.0004
44.55,1356,37849,0.6249198198198198,474,79,44.55,9437,0.025963928550481796,0.0004
43.98,1360,37976,0.6236612612612613,473,80,43.98,9468,0.010624384507536888,0.0004
43.79,1364,38140,0.6220360360360361,473,80,43.79,9509,0.0018409164622426033,0.0004
43.66,1368,38370,0.6197567567567568,473,81,43.66,9567,0.003177858190611005,0.0004
44.8,1372,38594,0.617536936936937,472,81,44.8,9623,0.026274124160408974,0.0004
43.26,1376,38736,0.6161297297297298,472,81,43.26,9658,0.06222643330693245,0.0004
43.29,1380,38978,0.6137315315315315,472,82,43.29,9719,0.01028609648346901,0.0004
42.86,1384,39138,0.612145945945946,472,82,42.86,9759,0.005028982646763325,0.0004
43.46,1388,39377,0.6097774774774776,472,83,43.46,9819,0.006820539478212595,0.0004
44.18,1392,39613,0.6074387387387388,471,83,44.18,9878,0.028521034866571426,0.0004
43.79,1396,39803,0.6055558558558558,471,84,43.79,9925,0.03120637685060501,0.0004
45.22,1400,40040,0.6032072072072072,470,85,45.22,9984,0.06394888460636139,0.0004
44.69,1404,40200,0.6016216216216217,470,85,44.69,10024,0.00649033160880208,0.0004
44.49,1408,40350,0.6001351351351352,470,85,44.49,10062,0.0034126238897442818,0.0004
44.23,1412,40602,0.5976378378378377,469,86,44.23,10125,0.007442126050591469,0.0004
44.95,1416,40847,0.59520990990991,469,86,44.95,10186,0.07023834437131882,0.0004
47.38,1420,41260,0.591117117117117,469,87,47.38,10289,0.059547845274209976,0.0004
49.04,1424,41496,0.5887783783783784,468,88,49.04,10348,0.004954311531037092,0.0004
49.41,1428,41772,0.5860432432432432,468,89,49.41,10417,0.005150452256202698,0.0004
50.59,1432,42000,0.5837837837837838,468,89,50.59,10474,0.056250717490911484,0.0004
51.8,1436,42230,0.5815045045045044,467,90,51.8,10532,0.0022753681987524033,0.0004
52.95,1440,42457,0.579254954954955,467,90,52.95,10589,0.01236200425773859,0.0004
53.25,1444,42764,0.5762126126126126,466,91,53.25,10665,0.014425588771700859,0.0004
53.39,1448,42945,0.5744189189189188,466,92,53.39,10711,0.006388351321220398,0.0004
54.28,1452,43161,0.5722783783783782,465,92,54.28,10765,0.01591857522726059,0.0004
55.75,1456,43424,0.5696720720720722,465,93,55.75,10830,0.006460422649979591,0.0004
56.91,1460,43667,0.567263963963964,464,93,56.91,10891,0.04532342404127121,0.0004
57.46,1464,43886,0.5650936936936937,464,94,57.46,10946,0.015301882289350033,0.0004
57.83,1468,44153,0.5624477477477479,463,95,57.83,11013,0.14362549781799316,0.0004
57.25,1472,44319,0.5608027027027027,463,95,57.25,11054,0.015391157940030098,0.0004
58.37,1476,44573,0.5582855855855856,463,96,58.37,11118,0.05785386636853218,0.0004
58.73,1480,44851,0.5555306306306307,462,97,58.73,11187,0.04511342942714691,0.0004
59.21,1484,45059,0.5534693693693693,462,97,59.21,11239,0.03314044326543808,0.0004
62.71,1488,45648,0.5476324324324324,460,99,62.71,11386,0.11904597282409668,0.0004
62.03,1492,45816,0.5459675675675676,460,99,62.03,11428,0.12678131461143494,0.0004
62.95,1496,46098,0.5431729729729731,459,100,62.95,11499,0.010644118301570415,0.0004
62.46,1500,46286,0.5413099099099099,458,100,62.46,11546,0.030798718333244324,0.0004
62.38,1504,46438,0.5398036036036036,458,101,62.38,11584,0.049214109778404236,0.0004
65.15,1508,46865,0.535572072072072,457,102,65.15,11691,0.004367227666079998,0.0004
64.19,1512,47021,0.5340261261261261,457,102,64.19,11730,0.006064821034669876,0.0004
64.22,1516,47269,0.5315684684684684,456,103,64.22,11792,0.06872591376304626,0.0004
63.53,1520,47613,0.5281594594594595,456,104,63.53,11878,0.017810141667723656,0.0004
63.36,1524,47832,0.525989189189189,456,104,63.36,11932,0.07179401814937592,0.0004
62.69,1528,48041,0.5239180180180181,455,105,62.69,11985,0.10412409901618958,0.0004
62.34,1532,48234,0.5220054054054054,455,105,62.34,12033,0.009222605265676975,0.0004
64.56,1536,48686,0.517526126126126,454,107,64.56,12146,0.0038223459850996733,0.0004
64.31,1540,48888,0.5155243243243244,454,107,64.31,12196,0.010446969419717789,0.0004
64.91,1544,49255,0.5118873873873874,453,108,64.91,12288,0.012039044871926308,0.0004
65.83,1548,49528,0.5091819819819821,453,109,65.83,12356,0.05736613646149635,0.0004
65.47,1552,49708,0.5073981981981982,453,109,65.47,12401,0.037238575518131256,0.0004
65.55,1556,49979,0.5047126126126127,452,110,65.55,12469,0.03740506246685982,0.0004
66.14,1560,50281,0.5017198198198198,452,111,66.14,12545,0.007550238631665707,0.0004
67.37,1564,50623,0.49833063063063066,451,112,67.37,12630,0.007548633962869644,0.0004
68.06,1568,50959,0.495000900900901,451,112,68.06,12714,0.0157204307615757,0.0004
68.72,1572,51191,0.4927018018018019,451,113,68.72,12772,0.11425440013408661,0.0004
70.07,1576,51580,0.48884684684684676,450,114,70.07,12869,0.010522829368710518,0.0004
70.34,1580,51885,0.4858243243243243,450,115,70.34,12946,0.0063772075809538364,0.0004
72.0,1584,52259,0.482118018018018,449,116,72.0,13039,0.017256585881114006,0.0004
68.95,1588,52543,0.4793036036036037,449,116,68.95,13110,0.004118277691304684,0.0004
70.24,1592,52840,0.47636036036036034,448,117,70.24,13184,0.0019373591057956219,0.0004
71.99,1596,53297,0.47183153153153146,448,118,71.99,13299,0.05621158331632614,0.0004
74.2,1600,53706,0.46777837837837843,447,119,74.2,13401,0.08551850914955139,0.0004
75.35,1604,53973,0.4651324324324324,447,120,75.35,13468,0.05290931463241577,0.0004
76.39,1608,54504,0.4598702702702703,446,121,76.39,13600,0.062394656240940094,0.0004
79.04,1612,54925,0.45569819819819823,445,123,79.04,13706,0.012355332262814045,0.0004
79.97,1616,55266,0.45231891891891896,445,124,79.97,13791,0.014886225573718548,0.0004
80.05,1620,55618,0.44883063063063056,445,124,80.05,13879,0.006858698092401028,0.0004
81.12,1624,55944,0.4456,444,125,81.12,13960,0.17079126834869385,0.0004
83.2,1628,56361,0.44146756756756755,444,126,83.2,14065,0.006504458375275135,0.0004
85.55,1632,56789,0.4372261261261262,443,128,85.55,14172,0.004443780519068241,0.0004
85.17,1636,57203,0.43312342342342336,443,129,85.17,14275,0.11070690304040909,0.0004
87.7,1640,57658,0.4286144144144145,442,130,87.7,14389,0.0483752004802227,0.0004
87.4,1644,57995,0.4252747747747747,441,131,87.4,14473,0.0036001689732074738,0.0004
88.37,1648,58365,0.4216081081081081,441,132,88.37,14566,0.009010355919599533,0.0004
88.48,1652,58556,0.41971531531531525,440,132,88.48,14613,0.018850265070796013,0.0004
88.65,1656,58844,0.41686126126126133,440,133,88.65,14685,0.00855403020977974,0.0004
89.4,1660,59221,0.4131252252252252,439,134,89.4,14780,0.005778808146715164,0.0004
89.57,1664,59580,0.4095675675675676,438,135,89.57,14869,0.005985977593809366,0.0004
90.03,1668,59962,0.4057819819819819,437,137,90.03,14965,0.08226169645786285,0.0004
92.49,1672,60440,0.401045045045045,436,138,92.49,15084,0.03217950463294983,0.0004
93.94,1676,60974,0.3957531531531532,434,140,93.94,15218,0.020624317228794098,0.0004
93.76,1680,61261,0.39290900900900905,433,141,93.76,15290,0.06884060800075531,0.0004
95.02,1684,61761,0.38795405405405403,431,143,95.02,15415,0.005546734668314457,0.0004
95.85,1688,62128,0.38431711711711714,429,144,95.85,15506,0.01406550221145153,0.0004
97.55,1692,62595,0.37968918918918915,428,146,97.55,15623,0.09231238067150116,0.0004
98.05,1696,63102,0.37466486486486483,426,148,98.05,15750,0.0629400685429573,0.0004
100.37,1700,63743,0.3683126126126126,423,150,100.37,15910,0.05830320343375206,0.0004
101.82,1704,64155,0.3642297297297298,422,151,101.82,16013,0.01540809590369463,0.0004
102.6,1708,64764,0.3581945945945947,420,153,102.6,16165,0.0054355706088244915,0.0004
101.35,1712,65060,0.35526126126126134,420,154,101.35,16239,0.005265051033347845,0.0004
100.61,1716,65327,0.3526153153153153,419,155,100.61,16306,0.012894930317997932,0.0004
102.86,1720,65904,0.34689729729729735,417,157,102.86,16450,0.15240103006362915,0.0004
103.51,1724,66295,0.3430225225225224,416,159,103.51,16548,0.010226947255432606,0.0004
104.84,1728,66845,0.33757207207207207,415,161,104.84,16686,0.050982214510440826,0.0004
103.12,1732,67101,0.33503513513513516,414,161,103.12,16750,0.02046784572303295,0.0004
103.43,1736,67546,0.3306252252252253,413,163,103.43,16861,0.05641854554414749,0.0004
103.15,1740,67973,0.32639369369369375,411,165,103.15,16968,0.002520668553188443,0.0004
104.77,1744,68472,0.32144864864864875,410,166,104.77,17092,0.09638703614473343,0.0004
107.17,1748,69082,0.31540360360360364,408,169,107.17,17245,0.014214474707841873,0.0004
110.74,1752,69630,0.309972972972973,406,171,110.74,17382,0.001800043974071741,0.0004
112.76,1756,70120,0.3051171171171171,405,172,112.76,17504,0.04661078378558159,0.0004
114.04,1760,70625,0.3001126126126126,404,174,114.04,17631,0.009582076221704483,0.0004
115.91,1764,71171,0.29470180180180183,403,176,115.91,17767,0.00317549635656178,0.0004
113.98,1768,71360,0.2928288288288289,402,177,113.98,17814,0.022034823894500732,0.0004
115.76,1772,72016,0.28632792792792794,401,179,115.76,17978,0.06456983834505081,0.0004
117.04,1776,72678,0.2797675675675676,399,181,117.04,18144,0.06849602609872818,0.0004
119.03,1780,73164,0.2749513513513514,398,183,119.03,18265,0.007985799573361874,0.0004
117.44,1784,73505,0.2715720720720721,397,184,117.44,18351,0.003040180541574955,0.0004
118.8,1788,74008,0.2665873873873874,396,186,118.8,18476,0.006990784779191017,0.0004
119.77,1792,74572,0.26099819819819825,395,188,119.77,18617,0.00654198881238699,0.0004
120.0,1796,75102,0.2557459459459459,394,190,120.0,18750,0.009856604039669037,0.0004
117.87,1800,75530,0.25150450450450457,393,191,117.87,18857,0.019990991801023483,0.0004
119.66,1804,76121,0.24564774774774767,392,194,119.66,19005,0.013476216234266758,0.0004
120.54,1808,76818,0.2387405405405405,390,196,120.54,19179,0.0023312103003263474,0.0004
122.07,1812,77267,0.23429099099099104,389,198,122.07,19291,0.03460968658328056,0.0004
124.36,1816,77763,0.22937567567567563,388,200,124.36,19415,0.004066498018801212,0.0004
123.44,1820,78248,0.22456936936936933,387,201,123.44,19536,0.051404185593128204,0.0004
123.06,1824,78601,0.22107117117117125,386,203,123.06,19625,0.00844521913677454,0.0004
122.54,1828,79099,0.21613603603603604,385,205,122.54,19749,0.020125456154346466,0.0004
123.59,1832,79460,0.21255855855855854,384,206,123.59,19839,0.011380963027477264,0.0004
123.67,1836,79913,0.20806936936936937,383,208,123.67,19953,0.002366055967286229,0.0004
123.3,1840,80303,0.20420450450450456,382,209,123.3,20050,0.07148578763008118,0.0004
122.88,1844,80760,0.19967567567567568,382,211,122.88,20164,0.02371276542544365,0.0004
123.93,1848,81475,0.1925900900900901,380,214,123.93,20343,0.008512415923178196,0.0004
124.14,1852,82044,0.18695135135135144,379,216,124.14,20485,0.008017586544156075,0.0004
125.94,1856,82714,0.1803117117117118,378,218,125.94,20653,0.0033604870550334454,0.0004
128.42,1860,83467,0.17284954954954956,377,221,128.42,20841,0.022039039060473442,0.0004
130.98,1864,84269,0.1649018018018018,375,224,130.98,21042,0.005165678448975086,0.0004
134.64,1868,84824,0.15940180180180186,374,226,134.64,21180,0.25127294659614563,0.0004
134.22,1872,85438,0.15331711711711704,373,228,134.22,21334,0.011634097434580326,0.0004
133.89,1876,86067,0.14708378378378373,372,231,133.89,21491,0.06449166685342789,0.0004
136.62,1880,86826,0.1395621621621621,370,234,136.62,21681,0.004751373548060656,0.0004
138.35,1884,87340,0.1344684684684685,370,235,138.35,21809,0.015772931277751923,0.0004
140.05,1888,88013,0.12779909909909914,369,238,140.05,21978,0.0864945501089096,0.0004
141.36,1892,88708,0.12091171171171167,368,241,141.36,22151,0.0172006506472826,0.0004
142.41,1896,89343,0.11461891891891907,367,243,142.41,22310,0.15911953151226044,0.0004
143.91,1900,89921,0.10889099099099109,366,245,143.91,22455,0.06794215738773346,0.0004
145.4,1904,90661,0.10155765765765756,364,248,145.4,22640,0.027022726833820343,0.0004
146.12,1908,91430,0.09393693693693694,363,251,146.12,22832,0.08296216279268265,0.0004
147.15,1912,91982,0.0884666666666667,363,253,147.15,22970,0.2591143846511841,0.0004
149.17,1916,92680,0.08154954954954963,362,256,149.17,23144,0.008973095566034317,0.0004
151.18,1920,93366,0.07475135135135136,361,258,151.18,23316,0.009598798118531704,0.0004
153.07,1924,93908,0.06938018018018022,360,260,153.07,23451,0.005538184195756912,0.0004
155.73,1928,94672,0.061809009009008986,359,263,155.73,23642,0.02676745317876339,0.0004
158.85,1932,95345,0.05513963963963964,358,266,158.85,23811,0.14706918597221375,0.0004
163.02,1936,96215,0.04651801801801814,357,269,163.02,24028,0.0019015733851119876,0.0004
165.12,1940,96815,0.04057207207207214,356,271,165.12,24178,0.23827645182609558,0.0004
166.65,1944,97425,0.034527027027027035,355,274,166.65,24331,0.27221986651420593,0.0004
165.41,1948,98016,0.02867027027027025,354,276,165.41,24478,0.18713133037090302,0.0004
165.71,1952,98615,0.022734234234234263,353,278,165.71,24628,0.0015998585149645805,0.0004
166.01,1956,99315,0.015797297297297286,352,281,166.01,24803,0.005567999556660652,0.0004
163.73,1960,99840,0.010594594594594664,352,283,163.73,24934,0.0031079379841685295,0.0004
