train/n_updates,time/total_timesteps,rollout/ep_rew_mean,time/time_elapsed,time/fps,time/iterations,train/value_loss,rollout/ep_len_mean,train/learning_rate,train/entropy_loss,train/explained_variance,train/policy_loss
99,500,-345.77813580000003,2,209,100,24.709653854370117,92.0,0.0007,-1.1615095138549805,-0.18107974529266357,-4.885356426239014
199,1000,-383.7817671,4,202,200,1.5416663885116577,98.8,0.0007,-1.2063432931900024,-0.0405963659286499,-1.5685484409332275
299,1500,-366.81836628571426,7,204,300,99.52458953857422,100.5,0.0007,-1.3531442880630493,-0.0025076866149902344,-13.937323570251465
399,2000,-362.78212472222225,9,204,400,3.0275607109069824,104.44444444444444,0.0007,-1.2815369367599487,0.0007058382034301758,-2.223844289779663
499,2500,-389.5493592727273,12,203,500,1.7570399045944214,112.5909090909091,0.0007,-1.2896696329116821,0.0018265843391418457,0.432271808385849
599,3000,-395.98959887499996,14,205,600,3.9409141540527344,115.54166666666667,0.0007,-0.7703656554222107,-9.417533874511719e-06,-1.9415889978408813
699,3500,-386.65054322222215,16,206,700,34.9405632019043,124.96296296296296,0.0007,-0.8540695309638977,-0.008974194526672363,4.623529434204102
799,4000,-360.650064032258,19,208,800,123.4566879272461,126.09677419354838,0.0007,-1.1491979360580444,-0.00031447410583496094,-13.357687950134277
899,4500,-342.8697081714286,21,208,900,12.031611442565918,127.37142857142857,0.0007,-1.0144836902618408,3.6716461181640625e-05,-5.108857154846191
999,5000,-332.7930690789474,24,208,1000,228.2139129638672,129.8421052631579,0.0007,-0.9992027282714844,2.0265579223632812e-06,-20.425537109375
1099,5500,-328.08179099999995,26,207,1100,0.745141327381134,133.675,0.0007,-0.7660754323005676,0.00024068355560302734,0.1883649080991745
1199,6000,-326.59551352380953,28,208,1200,6.296633720397949,142.45238095238096,0.0007,-0.6510745882987976,0.0007342100143432617,0.45735031366348267
1299,6500,-320.54235593181824,31,207,1300,26.95522117614746,146.13636363636363,0.0007,-0.8912509083747864,-5.7578086853027344e-05,2.731253147125244
1399,7000,-312.62108339130435,33,207,1400,67.07347869873047,147.56521739130434,0.0007,-1.0742473602294922,8.046627044677734e-06,-8.212285041809082
1499,7500,-311.94503612499994,36,208,1500,2223.992919921875,156.08333333333334,0.0007,-0.39324650168418884,-0.0009783506393432617,-1.1242196559906006
1599,8000,-306.01930673999993,38,208,1600,18.284704208374023,159.42,0.0007,-1.0692540407180786,2.47955322265625e-05,4.549465656280518
1699,8500,-305.72687535294114,40,208,1700,35.66684341430664,161.27450980392157,0.0007,-0.9465360641479492,1.138448715209961e-05,-3.2005958557128906
1799,9000,-297.95610922641504,43,208,1800,18.385799407958984,167.43396226415095,0.0007,-0.5898701548576355,-1.633167266845703e-05,-4.10055685043335
1899,9500,-293.0564731454545,45,208,1900,106.33654022216797,169.34545454545454,0.0007,-0.7039265036582947,1.7881393432617188e-07,6.783210754394531
1999,10000,-288.16771757894736,47,209,2000,14.123748779296875,170.59649122807016,0.0007,-0.7316979765892029,1.7881393432617188e-06,2.345841646194458
2099,10500,-288.16771757894736,50,209,2100,10.969261169433594,170.59649122807016,0.0007,-1.2951356172561646,0.06280463933944702,2.031841278076172
2199,11000,-280.64645054237286,52,209,2200,19.117311477661133,184.5593220338983,0.0007,-0.9735814929008484,-2.6226043701171875e-05,-6.430006504058838
2299,11500,-279.4892800327869,54,209,2300,18.749927520751953,187.327868852459,0.0007,-0.6669086217880249,0.0001316070556640625,1.099501371383667
2399,12000,-275.60553366666664,57,209,2400,9.266268730163574,187.66666666666666,0.0007,-0.9180999994277954,-2.5153160095214844e-05,-4.055398464202881
2499,12500,-276.501495640625,59,208,2500,6.680087566375732,192.390625,0.0007,-0.4957628846168518,-9.298324584960938e-06,0.8413324356079102
2599,13000,-275.8583826363637,62,209,2600,30.584747314453125,195.6060606060606,0.0007,-0.5837233662605286,-3.4570693969726562e-06,1.254571795463562
2699,13500,-273.77543725,64,208,2700,2.2020301818847656,196.52941176470588,0.0007,-0.7046657204627991,1.3113021850585938e-06,0.6629485487937927
2799,14000,-272.4625055362319,67,208,2800,25.7637939453125,197.30434782608697,0.0007,-0.6660264134407043,-3.7550926208496094e-05,3.072721242904663
2899,14500,-265.5100608611111,69,208,2900,3.228930711746216,200.375,0.0007,-0.9790287017822266,0.0,0.3046843111515045
2999,15000,-260.4060391756757,71,208,3000,85.4979476928711,201.74324324324326,0.0007,-0.5451743006706238,0.0,-10.1160888671875
3099,15500,-258.9874854868421,74,208,3100,149.2890167236328,201.69736842105263,0.0007,-0.6961876153945923,-3.421306610107422e-05,6.988222599029541
3199,16000,-258.22838175324677,76,208,3200,442.0656433105469,201.8961038961039,0.0007,-1.230568528175354,-4.964165210723877,-3.1878910064697266
3299,16500,-251.93240864102563,79,208,3300,5.223657131195068,211.0,0.0007,-0.8279992938041687,2.8014183044433594e-06,-0.8439483642578125
3399,17000,-250.44215787499996,81,208,3400,26.544677734375,211.2875,0.0007,-0.250916451215744,7.808208465576172e-06,-3.831083059310913
3499,17500,-244.71205595061724,84,208,3500,132.51324462890625,214.62962962962962,0.0007,-0.6791003942489624,-0.00011098384857177734,-6.151451110839844
3599,18000,-243.2738464457831,86,208,3600,20.55658531188965,216.3012048192771,0.0007,-0.6705013513565063,-3.123283386230469e-05,-5.8533034324646
3699,18500,-242.7335854235294,88,208,3700,883.6432495117188,215.90588235294118,0.0007,-0.009220442734658718,-0.03098475933074951,-0.029260272160172462
3799,19000,-240.7262219772727,91,207,3800,5.461169719696045,213.5681818181818,0.0007,-0.1455240100622177,-7.295608520507812e-05,0.056808602064847946
3899,19500,-235.58733220224718,93,207,3900,28.7216854095459,217.03370786516854,0.0007,-0.6501694917678833,-2.6226043701171875e-05,-1.7198638916015625
3999,20000,-233.59197561538463,96,207,4000,9.026206970214844,219.32967032967034,0.0007,-0.689208984375,-1.3113021850585938e-06,-1.0965728759765625
4099,20500,-231.51499303260871,98,207,4100,0.1214250922203064,219.6086956521739,0.0007,-0.35443297028541565,0.19079864025115967,0.028048282489180565
4199,21000,-226.56027753191495,101,207,4200,68.55242156982422,221.6595744680851,0.0007,-0.5964558720588684,-0.00037109851837158203,1.7321029901504517
4299,21500,-223.10781546875,103,206,4300,81.65309143066406,222.59375,0.0007,-0.6709296107292175,-4.494190216064453e-05,5.066816806793213
4399,22000,-218.1864693298969,106,206,4400,0.9007806777954102,224.4020618556701,0.0007,-0.6917612552642822,-6.401538848876953e-05,0.4265696704387665
4499,22500,-216.81540001020406,108,206,4500,0.0003113684360869229,225.5204081632653,0.0007,-0.3372206389904022,-0.03443038463592529,0.001329381368122995
4599,23000,-209.61648841,111,205,4600,67.77495574951172,227.89,0.0007,-0.5091280341148376,-0.00039589405059814453,-3.5391900539398193
4699,23500,-204.49661098,115,203,4700,314.6697998046875,230.09,0.0007,-0.04291877523064613,-0.9396514892578125,0.09326862543821335
4799,24000,-204.49661098,118,201,4800,0.009615502320230007,230.09,0.0007,-0.551801323890686,0.03775817155838013,-0.0490473210811615
4899,24500,-197.58902352,122,200,4900,0.6877391338348389,240.75,0.0007,-0.22777314484119415,-0.00016891956329345703,-0.011960986070334911
4999,25000,-188.12126611000002,125,199,5000,92.7287368774414,242.06,0.0007,-0.6271327137947083,-0.011304497718811035,-4.904337406158447
5099,25500,-176.22458485000004,129,197,5100,24.921142578125,245.78,0.0007,-0.3542749285697937,1.7285346984863281e-06,-4.387312412261963
5199,26000,-175.89072950000005,132,196,5200,0.7815729379653931,248.09,0.0007,-0.600666344165802,7.62939453125e-06,0.20988814532756805
5299,26500,-173.12213453,135,195,5300,1964.4996337890625,250.85,0.0007,-0.06286130100488663,-0.0029506683349609375,-1.0644843578338623
5399,27000,-167.37595387000002,139,193,5400,24.086986541748047,253.5,0.0007,-0.6399512887001038,-2.193450927734375e-05,-1.7760380506515503
5499,27500,-160.53832433999997,142,192,5500,1.1655758619308472,255.28,0.0007,-0.6671628355979919,1.430511474609375e-06,0.4092518389225006
5599,28000,-157.55832083999996,146,191,5600,0.37895166873931885,258.17,0.0007,-0.6885707378387451,-8.940696716308594e-06,-0.14927683770656586
5699,28500,-152.14394987999998,149,190,5700,4.364521026611328,259.12,0.0007,-0.46029338240623474,0.0,0.6941726207733154
5799,29000,-146.70711801,153,189,5800,0.19011087715625763,261.93,0.0007,-0.4821794629096985,0.05948716402053833,0.12399899959564209
5899,29500,-136.82807784,156,188,5900,1.4909425973892212,265.7,0.0007,-0.48113375902175903,-2.4318695068359375e-05,-0.08197899162769318
5999,30000,-135.19929740000003,160,187,6000,32.292518615722656,266.11,0.0007,-0.7212942242622375,-0.03682422637939453,-2.845485210418701
6099,30500,-132.96686202,163,186,6100,15.610946655273438,272.12,0.0007,-0.8859217762947083,2.562999725341797e-06,-2.1275885105133057
6199,31000,-132.67026363000002,166,185,6200,56.36323165893555,273.7,0.0007,-0.6119107604026794,0.14970022439956665,4.948075294494629
6299,31500,-125.84223084,170,184,6300,27.922178268432617,277.12,0.0007,-0.47722670435905457,-2.3365020751953125e-05,-1.5965009927749634
6399,32000,-125.40164727,173,184,6400,934.4484252929688,278.33,0.0007,-0.4196096360683441,-0.022082090377807617,14.270182609558105
6499,32500,-122.69905408999999,177,183,6500,200.6340789794922,282.3,0.0007,-0.4709843695163727,-0.000118255615234375,2.6927402019500732
6599,33000,-119.77425996999999,180,182,6600,69.74267578125,286.56,0.0007,-0.6774318814277649,-1.430511474609375e-06,-5.402792930603027
6699,33500,-117.39012857,184,181,6700,26.889602661132812,287.17,0.0007,-0.5605487823486328,5.364418029785156e-07,-2.6778838634490967
6799,34000,-113.33047554999999,187,181,6800,2.242828845977783,289.31,0.0007,-0.6138758063316345,-4.172325134277344e-06,-0.14690001308918
6899,34500,-108.61024789,191,180,6900,53.04956817626953,293.23,0.0007,-0.7594899535179138,4.172325134277344e-07,4.00696325302124
6999,35000,-107.32077369999999,194,179,7000,370.0642395019531,294.2,0.0007,-0.6030240058898926,-0.0009826421737670898,5.652484893798828
7099,35500,-104.31132691,199,178,7100,0.2417999804019928,294.35,0.0007,-0.5852068066596985,-0.9165353775024414,0.45117148756980896
7199,36000,-104.31132691,202,177,7200,0.04175321012735367,294.35,0.0007,-0.6548451781272888,0.2957422733306885,-0.17354409396648407
7299,36500,-97.84666037999999,205,177,7300,59.7390251159668,299.62,0.0007,-0.6500162482261658,-3.647804260253906e-05,-4.39837646484375
7399,37000,-94.71692438,208,177,7400,91.77983856201172,302.1,0.0007,-0.0701809823513031,0.024504780769348145,0.12351232022047043
7499,37500,-91.89245816,211,177,7500,54.772857666015625,301.3,0.0007,-0.5750601887702942,-1.7404556274414062e-05,4.4526896476745605
7599,38000,-90.37001629000001,213,177,7600,36.05904006958008,299.6,0.0007,-0.228472039103508,0.00045359134674072266,-3.1299514770507812
7699,38500,-89.99804613999999,216,177,7700,123.57247161865234,300.47,0.0007,-0.6282522082328796,-2.384185791015625e-06,7.510425090789795
7799,39000,-91.30553857999999,219,177,7800,3.9423489570617676,299.22,0.0007,-0.04692329838871956,-0.005973100662231445,-0.014782552607357502
7899,39500,-92.5553921,222,177,7900,1.6580175161361694,298.98,0.0007,-0.5515395402908325,5.364418029785156e-07,-0.5324708819389343
7999,40000,-93.41120124000001,225,177,8000,42.24073028564453,292.0,0.0007,-0.7100933194160461,6.258487701416016e-06,4.358417510986328
8099,40500,-89.52688129,228,177,8100,7.945157051086426,293.33,0.0007,-0.5239999890327454,-9.775161743164062e-06,0.6911608576774597
8199,41000,-89.94588619000002,230,177,8200,111.9995346069336,293.04,0.0007,-0.8537996411323547,4.112720489501953e-06,-3.987293243408203
8299,41500,-85.22225573000001,234,177,8300,15.5300931930542,291.76,0.0007,-0.39282989501953125,-2.0265579223632812e-06,3.050663471221924
8399,42000,-85.22225573000001,237,176,8400,0.13574671745300293,291.76,0.0007,-0.9659871459007263,0.04925185441970825,0.19498561322689056
8499,42500,-81.53663233,240,176,8500,8.647685050964355,298.18,0.0007,-0.28424546122550964,2.282857894897461e-05,0.1960454285144806
8599,43000,-78.62660335000001,243,176,8600,44.21338653564453,298.27,0.0007,-0.6379934549331665,-0.0015780925750732422,2.9169249534606934
8699,43500,-76.19393174000001,246,176,8700,3.167417526245117,297.98,0.0007,-0.7032886147499084,-0.00011682510375976562,0.7367105484008789
8799,44000,-75.91839071,249,176,8800,23.20502281188965,297.21,0.0007,-0.3791038691997528,-1.919269561767578e-05,-5.595640659332275
8899,44500,-77.50967906,252,176,8900,0.7259401679039001,298.81,0.0007,-0.4937222898006439,0.04954516887664795,-0.17205718159675598
8999,45000,-74.859544,255,176,9000,3.7823121547698975,302.58,0.0007,-1.0385138988494873,5.185604095458984e-06,0.5505967140197754
9099,45500,-76.75167364,258,176,9100,3.074601650238037,303.63,0.0007,-0.5026132464408875,-0.0006089210510253906,0.45466166734695435
9199,46000,-75.14173599,261,176,9200,0.027089828625321388,304.07,0.0007,-0.39302417635917664,-0.29202139377593994,-0.10351148992776871
9299,46500,-72.299743,263,176,9300,7.064023017883301,300.12,0.0007,-0.9939079284667969,8.940696716308594e-07,-1.9313583374023438
9399,47000,-70.54412264000001,266,176,9400,6.715312480926514,301.16,0.0007,-0.36415693163871765,-2.7894973754882812e-05,-0.1527375727891922
9499,47500,-69.2953866,269,176,9500,62.92725372314453,302.64,0.0007,-0.42028895020484924,-0.2210254669189453,0.9614679217338562
9599,48000,-69.2953866,272,176,9600,1.472777009010315,302.64,0.0007,-1.0115634202957153,0.648236870765686,-0.9783005118370056
9699,48500,-70.92192835,275,176,9700,1.2012296915054321,307.82,0.0007,-0.49000102281570435,0.24726945161819458,0.25531792640686035
9799,49000,-67.01689683000001,277,176,9800,3.8172738552093506,311.51,0.0007,-0.002594176447018981,-7.987022399902344e-06,0.0003322461561765522
9899,49500,-64.29616241000002,280,176,9900,27.06571388244629,312.31,0.0007,-0.6068701148033142,-4.0531158447265625e-05,-3.1508965492248535
9999,50000,-62.57502128000001,283,176,10000,20.93912696838379,314.73,0.0007,-0.5218474864959717,1.33514404296875e-05,-3.1186819076538086
10099,50500,-61.957251510000006,286,176,10100,35.922176361083984,316.75,0.0007,-0.39493227005004883,7.289648056030273e-05,-1.3434994220733643
10199,51000,-68.47281428000001,289,176,10200,3.721226215362549,316.28,0.0007,-0.5072836875915527,5.4717063903808594e-05,-0.4301712214946747
10299,51500,-68.74984162000001,291,176,10300,22.342041015625,316.06,0.0007,-0.7969027757644653,5.924701690673828e-05,-1.3840774297714233
10399,52000,-69.26304317,294,176,10400,0.6147012114524841,316.78,0.0007,-0.5342424511909485,-1.430511474609375e-05,0.09563954174518585
10499,52500,-73.79854911,297,176,10500,0.35033825039863586,317.28,0.0007,-0.5438992977142334,-3.0517578125e-05,0.10172438621520996
10599,53000,-74.48869291,300,176,10600,40.38845443725586,317.0,0.0007,-0.5263921618461609,-4.76837158203125e-07,1.8015297651290894
10699,53500,-76.7982841,303,176,10700,6.775424480438232,316.41,0.0007,-0.5144162178039551,2.8014183044433594e-06,0.9057838320732117
10799,54000,-83.20228039,306,176,10800,2.24456787109375,314.06,0.0007,-0.4567539393901825,-2.9802322387695312e-06,-0.3302726447582245
10899,54500,-85.13983621999999,308,176,10900,4.771965026855469,314.55,0.0007,-0.0012745275162160397,0.0003523826599121094,0.00023383452207781374
10999,55000,-85.11658977,311,176,11000,8.917741775512695,317.12,0.0007,-0.5235369801521301,7.748603820800781e-07,-1.6988776922225952
11099,55500,-88.39581797999999,314,176,11100,90.56160736083984,310.76,0.0007,-0.6398338675498962,-1.3113021850585938e-06,4.299772262573242
11199,56000,-93.25806016,317,176,11200,8.042511940002441,312.98,0.0007,-0.5376744866371155,1.1920928955078125e-07,0.27697041630744934
11299,56500,-90.41885355000002,319,176,11300,0.29112130403518677,314.66,0.0007,-0.05922528728842735,5.424022674560547e-06,-0.0037184038665145636
11399,57000,-90.05402012000002,322,176,11400,223.0675048828125,314.82,0.0007,-0.38617995381355286,1.6033649444580078e-05,-7.307183742523193
11499,57500,-91.71099588000001,325,176,11500,133.23062133789062,315.64,0.0007,-0.19102202355861664,-1.728534698486328e-05,6.069883346557617
11599,58000,-90.95382760000001,328,176,11600,41.751808166503906,318.98,0.0007,-0.0908539891242981,3.725290298461914e-05,-0.09101847559213638
11699,58500,-88.97704062000001,331,176,11700,44.712223052978516,319.39,0.0007,-0.4129316508769989,1.6033649444580078e-05,-1.9282630681991577
11799,59000,-88.72029542,334,176,11800,54.71611404418945,320.42,0.0007,-0.07785584777593613,4.51207160949707e-05,-0.1639060527086258
11899,59500,-93.30539528000001,336,176,11900,36.5276985168457,321.82,0.0007,-0.09747982025146484,5.3048133850097656e-05,-0.1475752294063568
11999,60000,-92.67770415000001,339,176,12000,155.8447265625,321.26,0.0007,-0.5598053336143494,-1.239776611328125e-05,3.0294482707977295
12099,60500,-86.36283872000001,342,176,12100,2.7418434619903564,322.21,0.0007,-0.6640498042106628,0.0,-0.8969520926475525
12199,61000,-87.75696903000002,344,176,12200,62.62349319458008,321.19,0.0007,-0.6300994157791138,-1.0728836059570312e-06,3.528614044189453
12299,61500,-90.23978354,347,176,12300,35.81298828125,320.54,0.0007,-0.33724918961524963,-5.960464477539062e-07,-2.518641710281372
12399,62000,-85.44932071000001,350,176,12400,38.83723449707031,321.3,0.0007,-0.7248567938804626,9.775161743164062e-06,-6.272683143615723
12499,62500,-81.42766725,353,177,12500,43.34785842895508,318.56,0.0007,-0.4794631600379944,-0.00048482418060302734,-0.7265644073486328
12599,63000,-77.79658313000002,355,177,12600,51.26517868041992,319.72,0.0007,-0.6489801406860352,-0.0023119449615478516,3.2651031017303467
12699,63500,-79.37042241,358,177,12700,87.25565338134766,321.63,0.0007,-0.4517849385738373,-0.00012969970703125,2.848433256149292
12799,64000,-82.28577894,361,177,12800,169.8792266845703,322.14,0.0007,-0.6082019209861755,-8.0108642578125e-05,6.433892726898193
12899,64500,-83.16904904,363,177,12900,28.211278915405273,321.36,0.0007,-0.6586071252822876,-1.3828277587890625e-05,2.294027328491211
12999,65000,-83.71434492000002,367,177,13000,35.5714225769043,320.91,0.0007,-0.09682425111532211,0.000331878662109375,-0.09350395202636719
13099,65500,-83.64791213000001,370,176,13100,59.484230041503906,322.07,0.0007,-0.5477566719055176,2.1636486053466797e-05,-5.228882789611816
13199,66000,-81.06896761,373,176,13200,40.4947395324707,326.53,0.0007,-0.5277621150016785,1.1742115020751953e-05,-1.243212103843689
13299,66500,-83.65045298999999,376,176,13300,19.327556610107422,324.66,0.0007,-0.24445246160030365,5.14984130859375e-05,-1.1178003549575806
13399,67000,-84.53395222,379,176,13400,4.727504730224609,322.13,0.0007,-0.658370316028595,-1.4781951904296875e-05,-2.7612643241882324
13499,67500,-85.77418988,382,176,13500,1.1141670942306519,322.62,0.0007,-0.6268230676651001,0.007016956806182861,0.41424304246902466
13599,68000,-87.37255271999999,385,176,13600,178.27752685546875,315.37,0.0007,-0.5779637694358826,-0.00377047061920166,7.174041748046875
13699,68500,-93.09299943,388,176,13700,11.393843650817871,314.05,0.0007,-0.0010730777867138386,-0.04562544822692871,-0.0005249619716778398
13799,69000,-93.08852663000002,392,175,13800,27.04837989807129,314.89,0.0007,-0.047563035041093826,-0.0011256933212280273,-0.04072529077529907
13899,69500,-95.34627618999998,395,175,13900,2.275161027908325,316.12,0.0007,-0.5352962613105774,0.0011156201362609863,-0.2835758626461029
13999,70000,-95.15400579999998,398,175,14000,6.3368048667907715,315.42,0.0007,-0.43176600337028503,-0.00013387203216552734,-0.4358657896518707
14099,70500,-94.19619668,402,175,14100,21.330814361572266,315.45,0.0007,-0.4739540219306946,-0.015781164169311523,2.6926097869873047
14199,71000,-88.81098762000002,405,175,14200,0.6416008472442627,317.47,0.0007,-1.305738091468811,-6.914138793945312e-05,-0.582351803779602
14299,71500,-90.62891813,408,174,14300,39.454952239990234,318.38,0.0007,-0.6503412127494812,-0.001131892204284668,-3.532506227493286
14399,72000,-92.65192246000001,411,174,14400,2.190459966659546,319.31,0.0007,-0.1612737476825714,-0.00011944770812988281,0.27322453260421753
14499,72500,-95.59998325000001,415,174,14500,24.456817626953125,319.79,0.0007,-0.5084072947502136,-0.0016859769821166992,2.6332004070281982
14599,73000,-94.10663594999998,418,174,14600,0.08515247702598572,319.64,0.0007,-0.2844061553478241,-0.11001420021057129,-0.27857163548469543
14699,73500,-91.21793559999998,421,174,14700,25.171998977661133,321.22,0.0007,-0.5783808827400208,-0.0002090930938720703,-1.1413614749908447
14799,74000,-93.21498037999999,424,174,14800,20.41554069519043,322.35,0.0007,-0.7218415141105652,-16.203039169311523,-2.4982926845550537
14899,74500,-92.20411379,427,174,14900,358.4054260253906,316.64,0.0007,-0.0017872065072879195,-0.033496856689453125,-0.003202596679329872
14999,75000,-91.0917334,430,174,15000,30.415252685546875,317.85,0.0007,-0.5435099005699158,0.0009877681732177734,-1.3862916231155396
15099,75500,-88.17216423999999,433,173,15100,4.083122730255127,319.38,0.0007,-0.012563633732497692,-0.04157304763793945,-0.004174505826085806
15199,76000,-93.25759458,437,173,15200,2.0064761638641357,312.23,0.0007,-0.5536565184593201,0.021188020706176758,-0.2637794613838196
15299,76500,-92.66214425,440,173,15300,4.291213512420654,311.3,0.0007,-0.514176070690155,0.005714356899261475,-0.01272709108889103
15399,77000,-92.48157097,443,173,15400,171.11026000976562,311.03,0.0007,-0.05054142698645592,0.028414130210876465,-0.11441614478826523
15499,77500,-97.95274162,446,173,15500,1.1797813177108765,311.02,0.0007,-0.014430224895477295,0.05616426467895508,-0.0008218472939915955
15599,78000,-96.95708373999997,449,173,15600,11.460688591003418,309.36,0.0007,-0.6454948782920837,-8.227104187011719,0.789959192276001
15699,78500,-94.49510912000001,452,173,15700,122.62384033203125,310.85,0.0007,-0.596491813659668,-0.027550339698791504,-6.478391170501709
15799,79000,-98.17012682000001,455,173,15800,10.080822944641113,302.43,0.0007,-0.5438971519470215,-0.023110389709472656,-1.1754257678985596
15899,79500,-94.25562776000001,458,173,15900,14.323984146118164,303.02,0.0007,-0.2593086361885071,-0.020602941513061523,0.755178689956665
15999,80000,-93.927591,461,173,16000,97.39510345458984,303.63,0.0007,-0.49796104431152344,0.17287564277648926,3.7816390991210938
16099,80500,-95.53541877000002,464,173,16100,73.69989013671875,303.18,0.0007,-0.34945863485336304,0.05700325965881348,-6.831104278564453
16199,81000,-94.97721609000001,467,173,16200,2.868093967437744,302.63,0.0007,-0.8943036198616028,-0.00675201416015625,0.5190344452857971
16299,81500,-94.45381827000001,471,172,16300,34.0201530456543,303.95,0.0007,-0.05624359846115112,0.09594744443893433,-0.04830378293991089
16399,82000,-94.88919580000004,474,172,16400,34.86065673828125,302.37,0.0007,-0.539874255657196,-0.019472122192382812,2.5785586833953857
16499,82500,-93.06951171000003,477,172,16500,33.653472900390625,300.16,0.0007,-0.26621919870376587,0.10619121789932251,-0.3621233105659485
16599,83000,-92.24327705000002,481,172,16600,31.237110137939453,300.63,0.0007,-0.0311235673725605,-0.10572731494903564,-0.032249078154563904
16699,83500,-93.88037698,484,172,16700,56.976680755615234,299.18,0.0007,-0.07443474978208542,0.02259880304336548,-0.08028499037027359
16799,84000,-89.72624433000001,487,172,16800,1.561457633972168,297.04,0.0007,-0.29126453399658203,0.9834350943565369,0.10375048220157623
16899,84500,-89.41825146000001,490,172,16900,12.142497062683105,294.14,0.0007,-0.6781730651855469,-0.8841714859008789,1.9188932180404663
16999,85000,-85.93024141000002,494,171,17000,6.9086222648620605,290.85,0.0007,-0.5340739488601685,-0.04431319236755371,1.3003333806991577
17099,85500,-83.12280387999999,497,171,17100,4.270235061645508,291.99,0.0007,-0.9861481785774231,-0.027901768684387207,-1.6220066547393799
17199,86000,-85.03696015,500,171,17200,13.194315910339355,293.24,0.0007,-0.4040573537349701,0.8125091791152954,0.9911783337593079
17299,86500,-85.39636931,503,171,17300,112.6525650024414,292.68,0.0007,-0.3453126847743988,0.05744391679763794,-4.186103343963623
17399,87000,-85.80440244000002,507,171,17400,103.4143295288086,290.63,0.0007,-0.5955793261528015,-0.0348057746887207,5.528628826141357
17499,87500,-86.99975075999998,511,171,17500,94.4922103881836,291.26,0.0007,-0.5646036267280579,0.020309031009674072,3.463860273361206
17599,88000,-84.04533355,514,171,17600,47.71889877319336,292.74,0.0007,-0.36136072874069214,-5.541458606719971,-1.1916629076004028
17699,88500,-80.95032549999999,517,170,17700,0.10696738213300705,293.92,0.0007,-0.38986852765083313,0.004918396472930908,-0.03990611061453819
17799,89000,-76.65754793,521,170,17800,4.531822204589844,295.45,0.0007,-0.20399096608161926,0.3173641562461853,-1.0099961757659912
17899,89500,-77.63368819,524,170,17900,106.792236328125,295.07,0.0007,-0.48715171217918396,-0.0017772912979125977,3.193833112716675
17999,90000,-80.50065977000001,528,170,18000,1.462799310684204,291.46,0.0007,-0.5717078447341919,-0.08784055709838867,0.48010358214378357
18099,90500,-79.31617395,531,170,18100,55.3704719543457,290.07,0.0007,-0.8727297186851501,0.001016378402709961,-3.67606520652771
18199,91000,-81.55293401000002,534,170,18200,27.01434898376465,286.13,0.0007,-0.5411842465400696,0.08357667922973633,3.0346736907958984
18299,91500,-81.71246138000001,538,170,18300,0.43018579483032227,285.86,0.0007,-0.6634060740470886,0.3226861357688904,0.3037444055080414
18399,92000,-80.83418364000003,541,169,18400,0.016797294840216637,284.17,0.0007,-0.30086326599121094,-0.14231038093566895,-0.07439178973436356
18499,92500,-81.2292397,545,169,18500,194.7723388671875,284.11,0.0007,-0.42118892073631287,0.003742992877960205,3.6813137531280518
18599,93000,-78.32263382000001,548,169,18600,45.99778366088867,284.5,0.0007,-0.32028448581695557,0.5676538944244385,-1.5257896184921265
18699,93500,-75.26184394,553,169,18700,85.81414031982422,283.81,0.0007,-0.11556675285100937,-5.972987174987793,-8.229229927062988
18799,94000,-71.15109327,557,168,18800,4.104455471038818,285.64,0.0007,-0.07782375067472458,-0.5418146848678589,0.0032429606653749943
18899,94500,-71.3745352,561,168,18900,5.603532314300537,282.22,0.0007,-0.6011889576911926,0.9216873645782471,-0.6315189599990845
18999,95000,-74.24623225,565,167,19000,58.39101791381836,281.7,0.0007,-0.53098464012146,-0.0064618587493896484,3.3360440731048584
19099,95500,-69.75926199,570,167,19100,69.21105194091797,283.45,0.0007,-0.6001893877983093,-0.0014102458953857422,2.958768606185913
19199,96000,-70.56739823,574,167,19200,10.266975402832031,281.52,0.0007,-0.59814453125,-0.3791022300720215,1.1965080499649048
19299,96500,-62.56058913999999,578,166,19300,13.401049613952637,281.35,0.0007,-0.05854185298085213,-0.19994688034057617,-0.03871212154626846
19399,97000,-63.90758061,583,166,19400,184.22433471679688,279.44,0.0007,-0.08183085918426514,0.11984336376190186,0.2083486169576645
19499,97500,-61.050762999999996,587,165,19500,0.0790938138961792,279.16,0.0007,-0.34189632534980774,1.3589859008789062e-05,-0.026855459436774254
19599,98000,-57.105148899999996,591,165,19600,5.858550548553467,280.17,0.0007,-0.0012238331837579608,0.5606275796890259,-0.00012286767014302313
19699,98500,-55.82891621999998,595,165,19700,14.408973693847656,279.81,0.0007,-0.2012823075056076,0.42043960094451904,-1.5790590047836304
19799,99000,-59.82924488999999,599,165,19800,96.25043487548828,276.23,0.0007,-0.508088231086731,-0.1764460802078247,5.059162139892578
19899,99500,-56.416961650000005,603,164,19900,5.977858066558838,274.42,0.0007,-0.18621926009655,-5.153482913970947,0.07683686167001724
19999,100000,-47.95838845999999,608,164,20000,5895.74560546875,273.39,0.0007,-0.02149602584540844,0.31879186630249023,0.29218095541000366
20099,100500,-47.74074855999999,612,164,20100,8.376121520996094,272.09,0.0007,-0.03800320252776146,0.557461142539978,-4.201637268066406
20199,101000,-41.61179853000001,616,163,20200,6.545904636383057,271.62,0.0007,-0.6090488433837891,-2.121635913848877,0.857255756855011
20299,101500,-41.61179853000001,620,163,20300,0.11413254588842392,271.62,0.0007,-0.19342096149921417,0.007914960384368896,-0.014512497000396252
20399,102000,-41.52904465,625,163,20400,14.068737983703613,273.13,0.0007,-0.4733572006225586,-1.8907968997955322,1.0796939134597778
20499,102500,-46.02416604999999,629,162,20500,66.68797302246094,272.32,0.0007,-0.6014783978462219,0.3052235245704651,-4.290665626525879
20599,103000,-43.86875868999999,633,162,20600,20.43421745300293,274.71,0.0007,-0.006785489618778229,-19.284536361694336,0.001552397501654923
20699,103500,-41.80221098999999,637,162,20700,48.0169677734375,275.28,0.0007,-0.02359241247177124,-2.9481518268585205,-0.022876247763633728
20799,104000,-37.6274446,642,161,20800,0.29330918192863464,277.47,0.0007,-0.6671461462974548,0.22153466939926147,-0.2942919433116913
20899,104500,-31.831861199999995,646,161,20900,348.8221740722656,279.9,0.0007,-0.40372663736343384,-6.630310535430908,-7.504030704498291
20999,105000,-30.95957788999999,650,161,21000,8.942984580993652,278.61,0.0007,-0.438098281621933,0.9964110851287842,-2.1807334423065186
21099,105500,-26.731553759999997,654,161,21100,1.3982244729995728,279.9,0.0007,-0.5564388036727905,0.817179799079895,0.5461714267730713
21199,106000,-27.10707755,658,160,21200,8.735589981079102,281.95,0.0007,-0.00010172508336836472,0.1817188262939453,8.81769483385142e-06
21299,106500,-29.9992855,662,160,21300,59.263973236083984,281.15,0.0007,-0.3616921603679657,-0.1668558120727539,5.731531143188477
21399,107000,-27.635725660000002,667,160,21400,15.451556205749512,281.87,0.0007,-0.41039401292800903,-0.23715269565582275,2.8189048767089844
21499,107500,-31.973562689999998,671,160,21500,22.519166946411133,279.15,0.0007,-0.5494513511657715,0.6517503261566162,1.2204393148422241
21599,108000,-30.18503479,675,159,21600,86.7235336303711,276.76,0.0007,-0.2943856418132782,0.0077152252197265625,0.5628977417945862
21699,108500,-31.020872750000002,679,159,21700,107.13671875,278.31,0.0007,-0.2001045197248459,-0.8058503866195679,0.6387587785720825
21799,109000,-27.7188532,683,159,21800,10.511728286743164,279.84,0.0007,-0.2587431073188782,-7.068955421447754,0.06717553734779358
21899,109500,-26.82393479,687,159,21900,34.611572265625,278.79,0.0007,-0.005493431817740202,-0.28850317001342773,0.00366990570910275
21999,110000,-23.852713429999998,691,158,22000,99.28141021728516,279.63,0.0007,-0.27915772795677185,-0.022688746452331543,5.848369121551514
22099,110500,-19.27005651,696,158,22100,10.486517906188965,281.04,0.0007,-0.006121849175542593,-0.318487286567688,-0.0034635309129953384
22199,111000,-20.652671330000004,700,158,22200,11.248705863952637,282.13,0.0007,-0.0003942054172512144,0.4499332308769226,-0.00015367625746876001
22299,111500,-15.876222010000001,703,158,22300,33.19987106323242,282.47,0.0007,-0.47977590560913086,0.5784595012664795,3.233445405960083
22399,112000,-18.94137415,707,158,22400,4.619271755218506,282.17,0.0007,-0.6077232956886292,0.5734844207763672,0.7128002047538757
22499,112500,-17.81434099,710,158,22500,6.057814598083496,282.69,0.0007,-0.49699488282203674,0.6095706224441528,0.21113017201423645
22599,113000,-19.042277510000005,713,158,22600,29.509754180908203,282.14,0.0007,-0.0033461146522313356,0.0036872029304504395,-0.001479746657423675
22699,113500,-20.660733410000002,716,158,22700,2.05198335647583,282.92,0.0007,-0.4992618262767792,0.12270396947860718,0.6648671627044678
22799,114000,-24.56581052,720,158,22800,5.993450164794922,284.83,0.0007,-0.566734254360199,-0.16388463973999023,0.6715263724327087
22899,114500,-24.529918539999997,723,158,22900,0.6569306254386902,283.48,0.0007,-0.49823686480522156,-0.42059171199798584,0.2059183567762375
22999,115000,-24.671046339999997,726,158,23000,141.0679931640625,284.08,0.0007,-0.48921093344688416,-7.654374122619629,-4.1373796463012695
23099,115500,-20.950352170000002,730,158,23100,3.6934077739715576,284.56,0.0007,-0.011423869989812374,0.09103512763977051,0.002532824408262968
23199,116000,-18.02784343,733,158,23200,19.162185668945312,284.15,0.0007,-0.4904743731021881,0.264249324798584,1.975469946861267
23299,116500,-23.531224060000003,737,158,23300,86.0575180053711,282.1,0.0007,-0.43884244561195374,-0.32000529766082764,-4.540099620819092
23399,117000,-25.51400666000001,740,158,23400,9.150243759155273,280.34,0.0007,-0.5470582842826843,0.1865159273147583,-3.0689969062805176
23499,117500,-24.887831940000005,743,158,23500,10.06528091430664,283.28,0.0007,-0.46031761169433594,-0.22958576679229736,-0.4480762481689453
23599,118000,-20.751102300000003,746,157,23600,14.582808494567871,286.41,0.0007,-0.32152485847473145,0.33356964588165283,-0.27084121108055115
23699,118500,-21.32691123,750,157,23700,0.45776912569999695,287.33,0.0007,-0.03572606295347214,0.2904144525527954,0.0030084492173045874
23799,119000,-20.019250410000005,753,157,23800,2.310312509536743,290.76,0.0007,-0.5110487937927246,-0.5099714994430542,0.515169620513916
23899,119500,-18.77880058,756,157,23900,4.711458683013916,293.24,0.0007,-0.5181755423545837,0.0017379522323608398,0.5466040968894958
23999,120000,-18.50561764,760,157,24000,56.40388107299805,293.54,0.0007,-0.500288188457489,0.17120778560638428,1.911834955215454
24099,120500,-21.758172079999994,763,157,24100,6.64955472946167,294.72,0.0007,-0.000840400462038815,0.38823843002319336,0.0001435960439266637
24199,121000,-22.317652759999998,766,157,24200,3.285529375076294,296.45,0.0007,-0.5914191007614136,-0.1177208423614502,-0.8076433539390564
24299,121500,-20.15789591,770,157,24300,1.233096718788147,294.41,0.0007,-0.5164416432380676,0.7245824337005615,0.4307430684566498
24399,122000,-21.712602319999995,773,157,24400,9.577352523803711,293.11,0.0007,-0.5650888681411743,-0.21510589122772217,-2.4782497882843018
24499,122500,-22.244887609999996,776,157,24500,0.43193885684013367,295.02,0.0007,-0.5247015357017517,-0.38736820220947266,0.22363674640655518
24599,123000,-29.01152468,780,157,24600,5.503762245178223,290.28,0.0007,-1.0296599864959717,-8.287557601928711,-1.7812635898590088
24699,123500,-29.715915680000002,783,157,24700,82.1549301147461,291.72,0.0007,-0.25044113397598267,-7.144657135009766,-2.390594720840454
24799,124000,-26.988025580000002,786,157,24800,644.0834350585938,293.8,0.0007,-0.03418037295341492,0.7200754880905151,0.10629051178693771
24899,124500,-26.06952205,790,157,24900,0.2918170094490051,292.89,0.0007,-0.7161442637443542,-0.34180402755737305,-0.11250753700733185
24999,125000,-26.15127583,793,157,25000,8.636616257717833e-05,292.26,0.0007,-0.29711994528770447,0.1250329613685608,-0.0003009344800375402
25099,125500,-21.809301840000003,797,157,25100,8.154109001159668,296.56,0.0007,-0.4998023211956024,0.6960717439651489,-0.7879735231399536
25199,126000,-19.63249656,801,157,25200,0.14725260436534882,300.0,0.0007,-0.3625428378582001,0.9732754230499268,-0.08266963809728622
25299,126500,-26.027111839999996,804,157,25300,43.127235412597656,300.79,0.0007,-0.002906568581238389,0.4955645203590393,0.0005984447780065238
25399,127000,-21.293133159999996,807,157,25400,8.250697135925293,302.63,0.0007,-0.4665217399597168,0.6976498365402222,1.0006380081176758
25499,127500,-15.426059089999997,811,157,25500,27.819477081298828,302.75,0.0007,-0.06886513531208038,0.5040671825408936,-0.017220115289092064
25599,128000,-14.560463259999997,814,157,25600,25.45058250427246,301.29,0.0007,-2.3765003334119683e-06,0.5655908584594727,1.8275241586707125e-07
25699,128500,-12.713055100000002,818,157,25700,0.8643254637718201,301.19,0.0007,-0.4711712896823883,0.78558349609375,-0.0762195885181427
25799,129000,-2.6668323999999966,821,157,25800,1.534854531288147,301.97,0.0007,-0.27894720435142517,0.6679776906967163,-0.176166832447052
25899,129500,-3.3854889399999992,824,157,25900,10.009660720825195,304.01,0.0007,-7.816950528649613e-05,0.5028861165046692,1.2804744073946495e-05
25999,130000,-3.3854889399999992,828,156,26000,0.017140410840511322,304.01,0.0007,-0.2377852499485016,-0.009911417961120605,-0.008076345548033714
26099,130500,-2.0131791999999984,831,156,26100,112.65571594238281,306.64,0.0007,-0.0005959752597846091,0.5222746133804321,-0.0005030539468862116
26199,131000,-4.429392389999997,834,156,26200,8.94568157196045,309.74,0.0007,-0.007184514310210943,0.5361874103546143,0.0044205584563314915
26299,131500,-10.474244039999997,838,156,26300,17.072956085205078,306.1,0.0007,-0.4778371751308441,0.0578036904335022,1.4525028467178345
26399,132000,-9.202787089999996,841,156,26400,2.7363219261169434,302.54,0.0007,-0.4268966615200043,0.6778301000595093,-0.19745202362537384
26499,132500,-3.1833401199999956,844,156,26500,173.72325134277344,302.33,0.0007,-0.08787953108549118,0.17100119590759277,-0.16395191848278046
26599,133000,-3.7667774899999973,848,156,26600,11.260512351989746,301.07,0.0007,-0.41166040301322937,-0.3557027578353882,0.8407047390937805
26699,133500,1.259494960000005,851,156,26700,2.1643733978271484,301.72,0.0007,-0.47314882278442383,0.9796764850616455,-0.8168746829032898
26799,134000,-2.700651439999995,855,156,26800,2.7888383865356445,297.87,0.0007,-0.32531237602233887,-0.06303143501281738,-0.1515292525291443
26899,134500,0.07842698000000325,858,156,26900,26.39361000061035,299.76,0.0007,-0.4374094009399414,0.7990418672561646,-0.6772173047065735
26999,135000,4.536419230000004,861,156,27000,17.70688819885254,300.23,0.0007,-0.4782432019710541,0.022945523262023926,1.5435726642608643
27099,135500,2.982162920000001,865,156,27100,4836.45166015625,298.69,0.0007,-0.3043045103549957,0.25593411922454834,-22.993871688842773
27199,136000,3.0858365700000014,868,156,27200,45.474971771240234,297.79,0.0007,-0.0884229764342308,0.8065927028656006,-0.08107899129390717
27299,136500,7.000842660000002,871,156,27300,0.6179621815681458,295.35,0.0007,-0.38054725527763367,0.8380604386329651,0.13425259292125702
27399,137000,7.4364650700000015,875,156,27400,299.7558898925781,295.43,0.0007,-0.5675495266914368,-0.5644491910934448,-7.869103908538818
27499,137500,10.732554810000002,878,156,27500,95.83802032470703,295.23,0.0007,-0.31327930092811584,0.11460041999816895,4.715616226196289
27599,138000,12.765056900000001,881,156,27600,0.020146554335951805,294.48,0.0007,-0.7068703174591064,-0.07191634178161621,-0.04626244306564331
27699,138500,14.467179660000001,885,156,27700,1.1051890850067139,294.64,0.0007,-0.5947975516319275,0.9324435591697693,0.20837540924549103
27799,139000,18.05436358,888,156,27800,26.02445411682129,297.27,0.0007,-0.42035815119743347,-2.282639503479004,2.0443203449249268
27899,139500,22.604628420000004,892,156,27900,14.421083450317383,298.07,0.0007,-0.4453231990337372,-0.29086947441101074,0.7669485211372375
27999,140000,17.24066382,895,156,28000,1.5961650609970093,296.91,0.0007,-0.38830113410949707,-0.2512928247451782,0.27907904982566833
28099,140500,17.046966290000004,898,156,28100,3.2530083656311035,296.54,0.0007,-0.4288221001625061,-0.22908484935760498,-0.41982021927833557
28199,141000,18.317027080000006,901,156,28200,0.6217049956321716,297.67,0.0007,-0.4066411554813385,0.45671677589416504,0.21372413635253906
28299,141500,18.109434420000003,905,156,28300,25.40443229675293,296.47,0.0007,-0.30934444069862366,0.039599061012268066,2.235825777053833
28399,142000,20.95951749,908,156,28400,0.06156742572784424,297.83,0.0007,-0.6592927575111389,-0.11218047142028809,0.015095782466232777
28499,142500,28.265743540000003,911,156,28500,1.4941444396972656,300.15,0.0007,-0.5218254327774048,0.9527876973152161,-0.35044652223587036
28599,143000,30.332083200000007,915,156,28600,38.59967803955078,301.39,0.0007,-0.5197141766548157,-1.8605029582977295,1.7700306177139282
28699,143500,34.16275005,919,156,28700,19.89369010925293,302.63,0.0007,-0.5026054978370667,-1.1969332695007324,-1.0079349279403687
28799,144000,37.36356444999999,922,156,28800,8.89921760559082,304.32,0.0007,-0.6709674000740051,-10.722825050354004,1.4674700498580933
28899,144500,38.281787529999995,925,156,28900,47.096824645996094,303.62,0.0007,-0.4682597219944,0.510307788848877,-2.6656062602996826
28999,145000,43.43482882,929,156,29000,41.13312911987305,303.75,0.0007,-0.6174634099006653,0.7935734987258911,2.162925958633423
29099,145500,45.93059918,933,155,29100,3.063652753829956,306.14,0.0007,-0.48348626494407654,0.435125470161438,0.4173160493373871
29199,146000,41.247997749999996,936,155,29200,54.437957763671875,305.68,0.0007,-0.47792959213256836,0.7727329134941101,3.6072957515716553
29299,146500,41.21282018000001,939,155,29300,276.3981018066406,305.71,0.0007,-0.4412616789340973,-2.24981951713562,-3.73356556892395
29399,147000,46.89954257,943,155,29400,1.7340621948242188,306.81,0.0007,-0.45993372797966003,0.7423102855682373,0.11020848900079727
29499,147500,44.655586840000005,946,155,29500,2.5551798343658447,307.75,0.0007,-0.3729471266269684,0.937563419342041,0.20645073056221008
29599,148000,43.95341991000001,950,155,29600,0.16169722378253937,304.66,0.0007,-0.13792386651039124,-0.03636527061462402,0.008729844354093075
29699,148500,48.92121094,954,155,29700,9319.3388671875,304.15,0.0007,-0.09588838368654251,0.0,1.6343907117843628
29799,149000,48.92121094,956,155,29800,2.0744965076446533,304.15,0.0007,-0.5811444520950317,0.928586483001709,-0.5243995189666748
29899,149500,49.92068734,959,155,29900,198.52256774902344,305.34,0.0007,-0.4164455831050873,0.014108896255493164,1.9260807037353516
29999,150000,49.40196865000001,962,155,30000,8.737444877624512,302.54,0.0007,-0.1024143248796463,-0.42174720764160156,3.7506039142608643
30099,150500,52.57893697999999,965,155,30100,4.645155906677246,298.98,0.0007,-0.09325510263442993,0.8796679973602295,-4.410314083099365
30199,151000,48.68879034,967,155,30200,263.0680847167969,296.56,0.0007,-0.3810648024082184,-0.006716489791870117,-11.995723724365234
30299,151500,48.57622443000001,970,156,30300,1.4081621170043945,297.89,0.0007,-0.20757095515727997,0.7843102812767029,0.09459418058395386
30399,152000,47.97073296000001,973,156,30400,1085.9566650390625,300.68,0.0007,-0.42402052879333496,-37.07948684692383,29.975391387939453
30499,152500,47.97073296000001,976,156,30500,134.9511260986328,300.68,0.0007,-0.11974980682134628,0.753334641456604,9.226691246032715
30599,153000,47.876672360000015,979,156,30600,11.348321914672852,302.11,0.0007,-0.05619688704609871,0.17537295818328857,-0.03536679595708847
30699,153500,51.568969790000004,982,156,30700,0.5688688158988953,306.19,0.0007,-0.4778290390968323,0.8410841822624207,-0.1674359142780304
30799,154000,52.661887859999986,984,156,30800,12.336047172546387,311.99,0.0007,-0.15311375260353088,0.12532639503479004,-1.3617914915084839
30899,154500,56.58805683,987,156,30900,3.996971845626831,314.16,0.0007,-0.8449058532714844,0.9309534430503845,-0.7806108593940735
30999,155000,59.84532983999998,990,156,31000,17.91124153137207,314.29,0.0007,-0.45096373558044434,-2.208888053894043,-0.6697932481765747
31099,155500,53.61628083999999,992,156,31100,5.601607799530029,312.35,0.0007,-0.38152310252189636,0.4965396523475647,1.4573116302490234
31199,156000,52.31069367999999,996,156,31200,13.792886734008789,317.38,0.0007,-0.5209288001060486,0.5808900594711304,-1.5743646621704102
31299,156500,46.23350437,999,156,31300,6.814001560211182,311.15,0.0007,-0.0005264756618998945,-0.6773591041564941,-7.948112761368975e-05
31399,157000,44.261688559999996,1003,156,31400,19.035154342651367,307.06,0.0007,-0.5486757159233093,-0.034311890602111816,-1.117966890335083
31499,157500,43.56235812999999,1006,156,31500,2.0224130153656006,307.74,0.0007,-0.4320051372051239,0.9906139969825745,0.6283619403839111
31599,158000,39.349919889999995,1009,156,31600,1.4147379398345947,306.45,0.0007,-0.4247834384441376,0.6580137610435486,-0.3198159635066986
31699,158500,39.349919889999995,1012,156,31700,1.3379210233688354,306.45,0.0007,-0.5046162009239197,0.5469028949737549,-0.2833830416202545
31799,159000,38.524275280000005,1015,156,31800,17.185041427612305,315.28,0.0007,-0.4373721182346344,-0.16955435276031494,1.9673160314559937
31899,159500,33.81664065999999,1019,156,31900,1.0171514749526978,315.82,0.0007,-0.2777650058269501,0.7410100102424622,-0.16610084474086761
31999,160000,34.992146219999995,1022,156,32000,1.6398552656173706,317.78,0.0007,-0.40210697054862976,-0.005912423133850098,-0.06269598007202148
32099,160500,29.055392929999993,1025,156,32100,0.7393071055412292,316.94,0.0007,-0.5512655377388,0.4064362645149231,0.3411683440208435
32199,161000,28.6459812,1028,156,32200,13.591837882995605,317.33,0.0007,-0.45785412192344666,-3.231086254119873,-0.9018682837486267
32299,161500,30.072693619999995,1031,156,32300,7.669302463531494,317.58,0.0007,-0.7599331140518188,-0.32204222679138184,-0.7678435444831848
32399,162000,27.590074209999997,1035,156,32400,1112.4876708984375,317.51,0.0007,-0.3284110128879547,0.48271167278289795,9.161711692810059
32499,162500,27.590074209999997,1038,156,32500,0.808087944984436,317.51,0.0007,-0.6397992968559265,0.6411396265029907,0.06609172374010086
32599,163000,28.63187841,1042,156,32600,0.5394077301025391,324.89,0.0007,-0.5309174656867981,0.8951071500778198,0.2414611428976059
32699,163500,29.86649219,1045,156,32700,2.119717836380005,322.69,0.0007,-0.18131513893604279,0.9036660194396973,0.020113028585910797
32799,164000,31.93473926999999,1048,156,32800,1.0663738250732422,325.18,0.0007,-0.42252907156944275,0.979621410369873,-0.029408244416117668
32899,164500,30.396334759999995,1052,156,32900,36.468746185302734,325.62,0.0007,-0.5270368456840515,0.2585228681564331,1.511002779006958
32999,165000,33.506363609999994,1055,156,33000,85.81636047363281,325.67,0.0007,-0.3135510981082916,0.7310649156570435,-0.7946981191635132
33099,165500,30.16915052,1059,156,33100,0.0535346083343029,326.77,0.0007,-0.04099845141172409,-0.002597808837890625,-0.001268274150788784
33199,166000,25.49322776,1062,156,33200,0.5458791851997375,324.37,0.0007,-0.4000982344150543,0.9511053562164307,-0.33404552936553955
33299,166500,25.275274519999993,1066,156,33300,11.655588150024414,324.32,0.0007,-0.5515007972717285,0.954684853553772,-0.8452391624450684
33399,167000,25.510810160000002,1069,156,33400,2.483931064605713,325.3,0.0007,-0.3902791440486908,0.7518694996833801,0.11864552646875381
33499,167500,25.510810160000002,1072,156,33500,0.02205870859324932,325.3,0.0007,-0.6619791388511658,-0.004725933074951172,-0.0654909536242485
33599,168000,24.554409819999997,1076,156,33600,0.0035046134144067764,329.19,0.0007,-0.45128804445266724,-0.006514549255371094,-0.0029211316723376513
33699,168500,27.958127879999996,1079,156,33700,22.1322021484375,331.11,0.0007,-0.8558095097541809,-1.2465107440948486,-0.31156182289123535
33799,169000,27.047434869999996,1082,156,33800,12.877153396606445,334.14,0.0007,-0.1453927606344223,0.32784777879714966,-0.9381893277168274
33899,169500,25.350555579999995,1086,156,33900,0.7191823720932007,334.37,0.0007,-0.002575682010501623,0.16651737689971924,-0.00011020790407201275
33999,170000,25.24788908,1089,156,34000,6.670291423797607,336.2,0.0007,-0.22050566971302032,-0.34374213218688965,1.3313019275665283
34099,170500,21.130721159999997,1093,155,34100,15.721468925476074,337.68,0.0007,-0.4534355700016022,-0.6245591640472412,-0.772964596748352
34199,171000,22.72528782,1096,155,34200,0.36984172463417053,338.13,0.0007,-0.3882969319820404,0.9015565514564514,-0.06469985097646713
34299,171500,22.72528782,1099,155,34300,1.523834228515625,338.13,0.0007,-0.4387892782688141,0.9287925362586975,-1.0078908205032349
34399,172000,19.356800289999995,1103,155,34400,3.178253650665283,345.43,0.0007,-0.6497878432273865,-0.5519289970397949,0.8129606246948242
34499,172500,21.543854019999998,1106,155,34500,0.5293105244636536,347.23,0.0007,-0.37540385127067566,0.6986044645309448,-0.06051601842045784
34599,173000,21.543854019999998,1109,155,34600,5.735724925994873,347.23,0.0007,-0.6410212516784668,0.2839828133583069,0.4159945547580719
34699,173500,17.95724941,1113,155,34700,1.410445213317871,350.19,0.0007,-0.31300637125968933,0.916486918926239,-0.03600933775305748
34799,174000,15.81930648,1116,155,34800,5.867716312408447,347.54,0.0007,-0.10804503411054611,0.549048662185669,-0.05675419047474861
34899,174500,15.237913579999999,1119,155,34900,1.2960368394851685,349.18,0.0007,-0.3877320885658264,-0.2808384895324707,0.4738113582134247
34999,175000,15.237913579999999,1122,155,35000,0.3102779984474182,349.18,0.0007,-0.4412303864955902,0.7344326972961426,0.07451160997152328
35099,175500,14.29582173,1126,155,35100,41.09368896484375,355.62,0.0007,-0.28846338391304016,0.8719944953918457,-1.0296777486801147
35199,176000,14.29582173,1129,155,35200,2.795013189315796,355.62,0.0007,-0.680527925491333,0.46745872497558594,-0.9886637926101685
35299,176500,14.528966700000002,1133,155,35300,5.8708624839782715,362.32,0.0007,-0.6305320858955383,0.8890678882598877,-0.8042726516723633
35399,177000,14.528966700000002,1136,155,35400,2.9559926986694336,362.32,0.0007,-0.5759308934211731,0.5613088607788086,-0.4196465015411377
35499,177500,15.352123229999997,1140,155,35500,0.036151718348264694,370.72,0.0007,-0.6969850063323975,0.9728025794029236,-0.00824178196489811
35599,178000,15.352123229999997,1144,155,35600,0.5709723234176636,370.72,0.0007,-0.5086941719055176,0.8286333084106445,-0.8307251930236816
35699,178500,17.636227849999997,1147,155,35700,0.7754141092300415,376.46,0.0007,-0.29831454157829285,0.832789421081543,0.11900302022695541
35799,179000,19.74050035,1150,155,35800,0.5505721569061279,375.78,0.0007,-0.5962287783622742,0.12155604362487793,-0.19905248284339905
35899,179500,21.8716314,1154,155,35900,1.2075313329696655,379.4,0.0007,-0.3750954568386078,-1.9150474071502686,-0.21610763669013977
35999,180000,21.8716314,1157,155,36000,7.881988048553467,379.4,0.0007,-0.3335597515106201,0.18087667226791382,-0.7407816052436829
36099,180500,20.9108675,1161,155,36100,22.79482078552246,383.75,0.0007,-0.2784815728664398,0.45915061235427856,-5.53837776184082
36199,181000,18.57137179,1165,155,36200,0.9955897331237793,384.6,0.0007,-0.4084058403968811,0.9919641613960266,-0.4291134476661682
36299,181500,18.57137179,1168,155,36300,1.2273870706558228,384.6,0.0007,-0.739646315574646,0.9591737985610962,0.44573327898979187
36399,182000,15.854453390000005,1171,155,36400,0.056782662868499756,391.18,0.0007,-0.0470232218503952,-0.0038045644760131836,-0.0017933420604094863
36499,182500,18.267008710000006,1175,155,36500,1.7498070001602173,393.04,0.0007,-0.7242477536201477,-0.04452502727508545,-0.34099048376083374
36599,183000,18.267008710000006,1178,155,36600,0.03137419372797012,393.04,0.0007,-0.18502245843410492,-0.3476409912109375,0.0022642898838967085
36699,183500,19.628124390000004,1181,155,36700,0.19186124205589294,400.69,0.0007,-0.8628559112548828,0.9444698691368103,0.16047461330890656
36799,184000,19.332586369999998,1185,155,36800,1.5240561962127686,404.83,0.0007,-0.3876928985118866,0.7177161574363708,-0.08376187086105347
36899,184500,19.332586369999998,1188,155,36900,1.6915960311889648,404.83,0.0007,-0.8215371370315552,0.7207815647125244,1.0678322315216064
36999,185000,18.1902364,1192,155,37000,0.1565929353237152,409.01,0.0007,-0.297112375497818,0.9731630682945251,-0.581815779209137
37099,185500,18.1902364,1195,155,37100,2.002843141555786,409.01,0.0007,-0.6419417262077332,0.8350949883460999,0.42619678378105164
37199,186000,19.781355570000002,1198,155,37200,91.08458709716797,415.52,0.0007,-0.2711319327354431,0.8073628544807434,4.415791988372803
37299,186500,17.472192030000002,1202,155,37300,8.838585927151144e-06,414.63,0.0007,-0.14617007970809937,0.0847698450088501,7.952714076964185e-05
37399,187000,18.18178349,1205,155,37400,1.362707495689392,413.96,0.0007,-0.43337282538414,0.7773183584213257,-0.22739028930664062
37499,187500,18.18178349,1209,155,37500,2.571486473083496,413.96,0.0007,-0.36865755915641785,0.25243014097213745,0.09256856143474579
37599,188000,19.9410998,1212,155,37600,0.5767468810081482,421.82,0.0007,-0.4949394166469574,0.5500924587249756,-0.16795162856578827
37699,188500,19.9410998,1215,155,37700,3.1610782146453857,421.82,0.0007,-0.5337304472923279,0.1459900140762329,0.6688660979270935
37799,189000,25.667603980000003,1219,155,37800,2011.0338134765625,431.11,0.0007,-0.15781603753566742,-0.5947651863098145,0.012056457810103893
37899,189500,25.667603980000003,1222,155,37900,2.377434492111206,431.11,0.0007,-0.4969378113746643,-0.7636029720306396,0.5156062245368958
37999,190000,25.24950304,1225,155,38000,1.227306604385376,438.77,0.0007,-0.004727744963020086,0.9958657026290894,0.00024652687716297805
38099,190500,25.24950304,1228,155,38100,0.09105896204710007,438.77,0.0007,-0.3569231629371643,0.9717949628829956,-0.020973918959498405
38199,191000,23.271446030000003,1231,155,38200,15.84947395324707,444.35,0.0007,-0.13946208357810974,0.9608513116836548,-0.006594980601221323
38299,191500,23.271446030000003,1235,155,38300,45.77450942993164,444.35,0.0007,-0.1376114785671234,0.8364238142967224,-0.10695373266935349
38399,192000,22.560058819999995,1238,155,38400,2.8679327964782715,446.83,0.0007,-0.7221318483352661,0.9179672002792358,-1.859243631362915
38499,192500,22.560058819999995,1241,155,38500,2.8490777015686035,446.83,0.0007,-0.493634432554245,0.797784686088562,0.37835076451301575
38599,193000,23.906270539999994,1244,155,38600,0.41725775599479675,454.29,0.0007,-0.618046224117279,0.8940893411636353,0.2544189393520355
38699,193500,23.906270539999994,1247,155,38700,0.5142406821250916,454.29,0.0007,-0.6646601557731628,0.896869421005249,-0.6842331886291504
38799,194000,24.8650445,1251,155,38800,1.5373636484146118,461.85,0.0007,-0.6015105247497559,0.5911942720413208,-0.816784679889679
38899,194500,24.8650445,1254,154,38900,1.4943621158599854,461.85,0.0007,-0.6381139159202576,0.00031751394271850586,0.6094114184379578
38999,195000,25.6083617,1258,154,39000,0.6621215343475342,469.08,0.0007,-0.5982350707054138,-0.014029622077941895,0.03783106803894043
39099,195500,25.6083617,1261,154,39100,2.7603485584259033,469.08,0.0007,-0.5494089126586914,-1.2431111335754395,0.6686816215515137
39199,196000,21.77531067,1264,154,39200,1.2133651971817017,475.5,0.0007,-0.5239438414573669,0.7857581973075867,-0.15206700563430786
39299,196500,21.77531067,1268,154,39300,0.5491675734519958,475.5,0.0007,-0.4702557623386383,0.10781359672546387,-0.20266631245613098
39399,197000,15.259516889999997,1272,154,39400,2.18583083152771,478.1,0.0007,-0.2744906544685364,0.35631871223449707,0.025053435936570168
39499,197500,15.259516889999997,1276,154,39500,1.2129055261611938,478.1,0.0007,-0.48312845826148987,0.42511653900146484,-0.10787186771631241
39599,198000,13.855683759999998,1280,154,39600,6.753028869628906,485.74,0.0007,-0.36063238978385925,-0.23704278469085693,1.0167334079742432
39699,198500,13.855683759999998,1284,154,39700,3.787541151046753,485.74,0.0007,-0.6811913847923279,-0.14939773082733154,0.25197869539260864
39799,199000,14.478477629999995,1288,154,39800,1.1677974462509155,493.64,0.0007,-0.2715443968772888,0.8933093547821045,-0.04210413619875908
39899,199500,16.58177916,1293,154,39900,6.176020622253418,496.96,0.0007,-0.36919721961021423,0.2821198105812073,-0.3206484615802765
39999,200000,16.58177916,1296,154,40000,1.5023635625839233,496.96,0.0007,-0.4536300599575043,-0.14113128185272217,-0.04065718874335289
